reference_contract,paper_figure,paper_page,paper_panel,case_id,include_sio_s,quantity,segment_index,transport_regime,point_index,vector_x,vector_y,log10_pressure_bar,pressure_bar,temperature_k
published_vector_plot_digitization,2,8,left,figure2_mg_si_o_1_1_3,false,temperature,0,non_convective,0,56.407892,124.033116,5.182770836869124,152324.87726607325,4000.0
published_vector_plot_digitization,2,8,left,figure2_mg_si_o_1_1_3,false,temperature,0,non_convective,1,56.508277,123.441558,5.178455862920346,150818.93264028593,3979.682281036306
published_vector_plot_digitization,2,8,left,figure2_mg_si_o_1_1_3,false,temperature,0,non_convective,2,56.608663,122.853586,5.174140845987319,149327.86160533357,3959.4877272401923
published_vector_plot_digitization,2,8,left,figure2_mg_si_o_1_1_3,false,temperature,0,non_convective,3,56.712634,122.265614,5.169671730517594,147799.07992810366,3939.2931734440785
published_vector_plot_digitization,2,8,left,figure2_mg_si_o_1_1_3,false,temperature,0,non_convective,4,56.813019,121.677642,5.1653567565688165,146337.87914390574,3919.0986196479657
published_vector_plot_digitization,2,8,left,figure2_mg_si_o_1_1_3,false,temperature,0,non_convective,5,57.01379,120.508868,5.156726765687012,143458.6586027489,3878.9557736986703
published_vector_plot_digitization,2,8,left,figure2_mg_si_o_1_1_3,false,temperature,0,non_convective,6,57.117761,119.924481,5.152257650217287,141989.96437278966,3858.884350724023
published_vector_plot_digitization,2,8,left,figure2_mg_si_o_1_1_3,false,temperature,0,non_convective,7,57.318532,118.762878,5.143627659335483,139196.28973125524,3818.987800763775
published_vector_plot_digitization,2,8,left,figure2_mg_si_o_1_1_3,false,temperature,0,non_convective,8,57.422502,118.182076,5.139158586850008,137771.2462144392,3799.0395086105937
published_vector_plot_digitization,2,8,left,figure2_mg_si_o_1_1_3,false,temperature,0,non_convective,9,57.522888,117.601275,5.13484356991698,136409.17110169725,3779.0912508035276
published_vector_plot_digitization,2,8,left,figure2_mg_si_o_1_1_3,false,temperature,0,non_convective,10,57.623273,117.024058,5.130528595968203,135060.57550906873,3759.266089471812
published_vector_plot_digitization,2,8,left,figure2_mg_si_o_1_1_3,false,temperature,0,non_convective,11,57.727244,116.443256,5.126059480498478,133677.85877466522,3739.317797318631
published_vector_plot_digitization,2,8,left,figure2_mg_si_o_1_1_3,false,temperature,1,convective,0,57.82763,115.86604,5.1217444635654505,132356.25292754816,3719.49267033303
published_vector_plot_digitization,2,8,left,figure2_mg_si_o_1_1_3,false,temperature,1,convective,1,57.928015,115.561298,5.117429489616673,131047.72610407056,3709.02596662446
published_vector_plot_digitization,2,8,left,figure2_mg_si_o_1_1_3,false,temperature,1,convective,2,58.031986,115.256557,5.112960374146948,129706.09192839313,3698.5592972620057
published_vector_plot_digitization,2,8,left,figure2_mg_si_o_1_1_3,false,temperature,1,convective,3,58.232757,114.647073,5.104330383265144,127154.10438847424,3677.625889844866
published_vector_plot_digitization,2,8,left,figure2_mg_si_o_1_1_3,false,temperature,1,convective,4,58.336727,114.345917,5.099861310779669,125852.34460417838,3667.282351303877
published_vector_plot_digitization,2,8,left,figure2_mg_si_o_1_1_3,false,temperature,1,convective,5,58.537498,113.743604,5.091231319897864,123376.18014247532,3646.595239875784
published_vector_plot_digitization,2,8,left,figure2_mg_si_o_1_1_3,false,temperature,1,convective,6,58.641469,113.446033,5.0867622044281395,122113.08535506764,3636.374832156261
published_vector_plot_digitization,2,8,left,figure2_mg_si_o_1_1_3,false,temperature,1,convective,7,58.741854,113.144876,5.082447230479363,120905.82658073418,3626.031259269158
published_vector_plot_digitization,2,8,left,figure2_mg_si_o_1_1_3,false,temperature,1,convective,8,58.84224,112.847305,5.078132213546335,119710.49140088986,3615.8108515496347
published_vector_plot_digitization,2,8,left,figure2_mg_si_o_1_1_3,false,temperature,1,convective,9,58.946211,112.549734,5.07366309807661,118484.92502728441,3605.590443830112
published_vector_plot_digitization,2,8,left,figure2_mg_si_o_1_1_3,false,temperature,1,convective,10,59.046596,112.255748,5.069348124127833,117313.53569624336,3595.4931669320554
published_vector_plot_digitization,2,8,left,figure2_mg_si_o_1_1_3,false,temperature,1,convective,11,59.146982,111.958177,5.065033107194806,116153.71569206842,3585.2727592125325
published_vector_plot_digitization,2,8,left,figure2_mg_si_o_1_1_3,false,temperature,1,convective,12,59.250952,111.66419,5.060564034709331,114964.5740862063,3575.1754479683614
published_vector_plot_digitization,2,8,left,figure2_mg_si_o_1_1_3,false,temperature,1,convective,13,59.451723,111.076218,5.051934043827526,112702.62820349415,3554.9808941722476
published_vector_plot_digitization,2,8,left,figure2_mg_si_o_1_1_3,false,temperature,1,convective,14,59.555694,110.785818,5.047464928357801,111548.80659833027,3545.0067824417715
published_vector_plot_digitization,2,8,left,figure2_mg_si_o_1_1_3,false,temperature,1,convective,15,59.656079,110.491831,5.0431499544090235,110445.99050666642,3534.9094711976004
published_vector_plot_digitization,2,8,left,figure2_mg_si_o_1_1_3,false,temperature,1,convective,16,59.756465,110.201431,5.038834937475996,109354.06647240813,3524.9353594671243
published_vector_plot_digitization,2,8,left,figure2_mg_si_o_1_1_3,false,temperature,1,convective,17,59.860436,109.91103,5.034365822006271,108234.52661322603,3514.9612133905334
published_vector_plot_digitization,2,8,left,figure2_mg_si_o_1_1_3,false,temperature,1,convective,18,59.960821,109.624214,5.030050848057494,107164.47681831884,3505.1101981354086
published_vector_plot_digitization,2,8,left,figure2_mg_si_o_1_1_3,false,temperature,1,convective,19,60.061206,109.333813,5.025735874108717,106105.00596341753,3495.136052058819
published_vector_plot_digitization,2,8,left,figure2_mg_si_o_1_1_3,false,temperature,1,convective,20,60.165177,109.046998,5.021266758638992,105018.72918133945,3485.285071149808
published_vector_plot_digitization,2,8,left,figure2_mg_si_o_1_1_3,false,temperature,1,convective,21,60.265563,108.760182,5.016951741705965,103980.4617538456,3475.434055894684
published_vector_plot_digitization,2,8,left,figure2_mg_si_o_1_1_3,false,temperature,1,convective,22,60.365948,108.476951,5.012636767757187,102952.46934462429,3465.706171461026
published_vector_plot_digitization,2,8,left,figure2_mg_si_o_1_1_3,false,temperature,1,convective,23,60.466334,108.190136,5.00832175082416,101934.62999031246,3455.8551905520153
published_vector_plot_digitization,2,8,left,figure2_mg_si_o_1_1_3,false,temperature,1,convective,24,60.570304,107.906905,5.003852678338685,100891.05847064631,3446.127306118357
published_vector_plot_digitization,2,8,left,figure2_mg_si_o_1_1_3,false,temperature,1,convective,25,60.771075,107.340444,4.99522268745688,98906.01119739651,3426.671571597156
published_vector_plot_digitization,2,8,left,figure2_mg_si_o_1_1_3,false,temperature,1,convective,26,60.875046,107.057214,4.990753571987156,97893.4359414401,3416.943721509612
published_vector_plot_digitization,2,8,left,figure2_mg_si_o_1_1_3,false,temperature,1,convective,27,61.075817,106.497923,4.982123581105351,95967.36735785846,3397.734248631342
published_vector_plot_digitization,2,8,left,figure2_mg_si_o_1_1_3,false,temperature,1,convective,28,61.179788,106.218278,4.977654465635626,94984.8772099955,3388.129529365264
published_vector_plot_digitization,2,8,left,figure2_mg_si_o_1_1_3,false,temperature,1,convective,29,61.280173,105.938633,4.973339491686849,94045.81874539812,3378.5248100991867
published_vector_plot_digitization,2,8,left,figure2_mg_si_o_1_1_3,false,temperature,1,convective,30,61.380558,105.662573,4.969024517738071,93116.04418815352,3369.043221654575
published_vector_plot_digitization,2,8,left,figure2_mg_si_o_1_1_3,false,temperature,1,convective,31,61.484529,105.382928,4.9645554022683465,92162.74518098489,3359.438502388498
published_vector_plot_digitization,2,8,left,figure2_mg_si_o_1_1_3,false,temperature,1,convective,32,61.584915,105.106868,4.960240385335319,91251.57841010725,3349.9569139438863
published_vector_plot_digitization,2,8,left,figure2_mg_si_o_1_1_3,false,temperature,2,non_convective,0,61.6853,104.834393,4.955925411386542,90349.42882976493,3340.5984563207408
published_vector_plot_digitization,2,8,left,figure2_mg_si_o_1_1_3,false,temperature,2,non_convective,1,61.789271,104.371902,4.951456295916817,89424.45374568975,3324.713687352629
published_vector_plot_digitization,2,8,left,figure2_mg_si_o_1_1_3,false,temperature,2,non_convective,2,61.889656,103.909412,4.94714132196804,88540.36785014014,3308.828952730633
published_vector_plot_digitization,2,8,left,figure2_mg_si_o_1_1_3,false,temperature,2,non_convective,3,61.990042,103.450507,4.9428263050350125,87665.01370451543,3293.067348930103
published_vector_plot_digitization,2,8,left,figure2_mg_si_o_1_1_3,false,temperature,2,non_convective,4,62.094012,102.995187,4.938357232549538,86767.52958570448,3277.4288759510387
published_vector_plot_digitization,2,8,left,figure2_mg_si_o_1_1_3,false,temperature,2,non_convective,5,62.294783,102.084548,4.929727241667733,85060.36494077378,3246.1519643390247
published_vector_plot_digitization,2,8,left,figure2_mg_si_o_1_1_3,false,temperature,2,non_convective,6,62.398754,101.632813,4.925258126198008,84189.53798335287,3230.636622181426
published_vector_plot_digitization,2,8,left,figure2_mg_si_o_1_1_3,false,temperature,2,non_convective,7,62.49914,101.181078,4.9209431092649805,83357.19830732292,3215.121280023828
published_vector_plot_digitization,2,8,left,figure2_mg_si_o_1_1_3,false,temperature,2,non_convective,8,62.599525,100.732929,4.916628135316203,82533.09572431326,3199.7291030338106
published_vector_plot_digitization,2,8,left,figure2_mg_si_o_1_1_3,false,temperature,2,non_convective,9,62.703496,100.288364,4.912159019846478,81688.1423234411,3184.460022519145
published_vector_plot_digitization,2,8,left,figure2_mg_si_o_1_1_3,false,temperature,2,non_convective,10,62.904267,99.399236,4.903529028964674,80080.91541320753,3153.921930182042
published_vector_plot_digitization,2,8,left,figure2_mg_si_o_1_1_3,false,temperature,2,non_convective,11,63.008237,98.958257,4.899059956479199,79261.07467211729,3138.776014834957
published_vector_plot_digitization,2,8,left,figure2_mg_si_o_1_1_3,false,temperature,2,non_convective,12,63.108623,98.517278,4.894744939546172,78477.46023741853,3123.630099487872
published_vector_plot_digitization,2,8,left,figure2_mg_si_o_1_1_3,false,temperature,2,non_convective,13,63.209008,98.079884,4.890429965597394,77701.60069555562,3108.607314962253
published_vector_plot_digitization,2,8,left,figure2_mg_si_o_1_1_3,false,temperature,2,non_convective,14,63.312979,97.64249,4.8859608501276695,76906.11094462921,3093.584530436634
published_vector_plot_digitization,2,8,left,figure2_mg_si_o_1_1_3,false,temperature,2,non_convective,15,63.51375,96.774873,4.877330859245864,75392.97124581934,3063.785257374443
published_vector_plot_digitization,2,8,left,figure2_mg_si_o_1_1_3,false,temperature,2,non_convective,16,63.617721,96.344649,4.87286174377614,74621.11667163979,3049.0087344917565
published_vector_plot_digitization,2,8,left,figure2_mg_si_o_1_1_3,false,temperature,2,non_convective,17,63.818492,95.484202,4.8642317528943355,73152.93459067792,3019.4557230724968
published_vector_plot_digitization,2,8,left,figure2_mg_si_o_1_1_3,false,temperature,2,non_convective,18,63.918877,95.057564,4.859916778945558,72429.71543774223,3004.8023653573914
published_vector_plot_digitization,2,8,left,figure2_mg_si_o_1_1_3,false,temperature,2,non_convective,19,64.022848,94.630926,4.855447663475833,71688.19794289689,2990.149007642285
published_vector_plot_digitization,2,8,left,figure2_mg_si_o_1_1_3,false,temperature,2,non_convective,20,64.123233,94.204287,4.851132689527056,70979.45976196334,2975.495615581064
published_vector_plot_digitization,2,8,left,figure2_mg_si_o_1_1_3,false,temperature,2,non_convective,21,64.223619,93.781234,4.846817672594028,70277.72149426154,2960.965388687425
published_vector_plot_digitization,2,8,left,figure2_mg_si_o_1_1_3,false,temperature,2,non_convective,22,64.327589,93.358181,4.842348600108553,69558.24246514836,2946.435161793785
published_vector_plot_digitization,2,8,left,figure2_mg_si_o_1_1_3,false,temperature,2,non_convective,23,64.427975,92.935128,4.838033583175526,68870.55505902313,2931.9049349001452
published_vector_plot_digitization,2,8,left,figure2_mg_si_o_1_1_3,false,temperature,2,non_convective,24,64.52836,92.51566,4.833718609226748,68189.6732219417,2917.4978388279715
published_vector_plot_digitization,2,8,left,figure2_mg_si_o_1_1_3,false,temperature,2,non_convective,25,64.632331,92.096192,4.8292494937570245,67491.5642295723,2903.0907427557977
published_vector_plot_digitization,2,8,left,figure2_mg_si_o_1_1_3,false,temperature,2,non_convective,26,64.833102,91.264427,4.8206195028752195,66163.65720220916,2874.5228466004974
published_vector_plot_digitization,2,8,left,figure2_mg_si_o_1_1_3,false,temperature,2,non_convective,27,64.937073,90.848544,4.816150387405495,65486.29006025817,2860.23888134979
published_vector_plot_digitization,2,8,left,figure2_mg_si_o_1_1_3,false,temperature,2,non_convective,28,65.037458,90.432661,4.811835413456717,64838.86641975371,2845.954916099082
published_vector_plot_digitization,2,8,left,figure2_mg_si_o_1_1_3,false,temperature,2,non_convective,29,65.137844,90.020364,4.80752039652369,64197.837114180875,2831.7941160159553
published_vector_plot_digitization,2,8,left,figure2_mg_si_o_1_1_3,false,temperature,2,non_convective,30,65.241814,89.604481,4.803051324038215,63540.601840526644,2817.510150765248
published_vector_plot_digitization,2,8,left,figure2_mg_si_o_1_1_3,false,temperature,2,non_convective,31,65.3422,89.192184,4.798736307105187,62912.40782476724,2803.3493506821205
published_vector_plot_digitization,2,8,left,figure2_mg_si_o_1_1_3,false,temperature,2,non_convective,32,65.442585,88.783471,4.794421333156411,62290.43061290618,2789.3116470743453
published_vector_plot_digitization,2,8,left,figure2_mg_si_o_1_1_3,false,temperature,2,non_convective,33,65.546556,88.371174,4.789952217686686,61652.716605861366,2775.1508469912187
published_vector_plot_digitization,2,8,left,figure2_mg_si_o_1_1_3,false,temperature,2,non_convective,34,65.747327,87.553749,4.781322226804881,60439.68981397262,2747.0754741217825
published_vector_plot_digitization,2,8,left,figure2_mg_si_o_1_1_3,false,temperature,2,non_convective,35,65.851298,87.145037,4.776853111335155,59820.923233029505,2733.0378048601224
published_vector_plot_digitization,2,8,left,figure2_mg_si_o_1_1_3,false,temperature,2,non_convective,36,65.951683,86.736325,4.772538137386379,59229.50967360783,2719.000135598461
published_vector_plot_digitization,2,8,left,figure2_mg_si_o_1_1_3,false,temperature,2,non_convective,37,66.052069,86.331198,4.768223120453351,58643.93726076371,2705.085597158267
published_vector_plot_digitization,2,8,left,figure2_mg_si_o_1_1_3,false,temperature,2,non_convective,38,66.156039,85.922485,4.763754047967876,58043.560894731505,2691.047893550491
published_vector_plot_digitization,2,8,left,figure2_mg_si_o_1_1_3,false,temperature,2,non_convective,39,66.35681,85.112231,4.755124057086071,56901.54480301494,2663.2188166701017
published_vector_plot_digitization,2,8,left,figure2_mg_si_o_1_1_3,false,temperature,2,non_convective,40,66.460781,84.707104,4.750654941616347,56319.00087473693,2649.3042782299076
published_vector_plot_digitization,2,8,left,figure2_mg_si_o_1_1_3,false,temperature,2,non_convective,41,66.661552,83.89685,4.742024950734542,55210.91576974158,2621.4752013495186
published_vector_plot_digitization,2,8,left,figure2_mg_si_o_1_1_3,false,temperature,2,non_convective,42,66.765522,83.491723,4.737555878249067,54645.68549149879,2607.5606629093236
published_vector_plot_digitization,2,8,left,figure2_mg_si_o_1_1_3,false,temperature,3,convective,0,66.865908,83.086595,4.733240861316039,54105.43104601862,2593.646090123015
published_vector_plot_digitization,2,8,left,figure2_mg_si_o_1_1_3,false,temperature,3,convective,1,69.913324,76.887792,4.602249969737745,40017.50148583285,2380.741290821331
published_vector_plot_digitization,2,8,left,figure2_mg_si_o_1_1_3,false,temperature,3,convective,2,72.957155,71.194501,4.471413176696147,29608.279832798577,2185.198864691466
published_vector_plot_digitization,2,8,left,figure2_mg_si_o_1_1_3,false,temperature,3,convective,3,76.004572,65.963701,4.340422242133601,21898.89706125578,2005.5412075297127
published_vector_plot_digitization,2,8,left,figure2_mg_si_o_1_1_3,false,temperature,3,convective,4,79.051988,61.159538,4.209431350555307,16196.879476693308,1840.5368737369502
published_vector_plot_digitization,2,8,left,figure2_mg_si_o_1_1_3,false,temperature,3,convective,5,82.19979,56.61351,4.074125442043984,11861.112962436213,1684.3984742814691
published_vector_plot_digitization,2,8,left,figure2_mg_si_o_1_1_3,false,temperature,3,convective,6,85.347592,52.451098,3.938819533532661,8685.994170056892,1541.435793991271
published_vector_plot_digitization,2,8,left,figure2_mg_si_o_1_1_3,false,temperature,3,convective,7,87.072071,50.321492,3.864694096861709,7323.085367306689,1468.2921018910924
published_vector_plot_digitization,2,8,left,figure2_mg_si_o_1_1_3,false,temperature,4,non_convective,0,87.176042,50.19601,3.8602249813919842,7248.113432331032,1463.9822827169755
published_vector_plot_digitization,2,8,left,figure2_mg_si_o_1_1_3,false,temperature,4,non_convective,1,89.409619,47.682788,3.764216348951,5810.538042839994,1377.662871451514
published_vector_plot_digitization,2,8,left,figure2_mg_si_o_1_1_3,false,temperature,4,non_convective,2,91.643196,45.495818,3.6682077165100155,4658.088296009556,1302.5489488234189
published_vector_plot_digitization,2,8,left,figure2_mg_si_o_1_1_3,false,temperature,4,non_convective,3,93.776387,43.706806,3.576514101002059,3771.499904040431,1241.103337338701
published_vector_plot_digitization,2,8,left,figure2_mg_si_o_1_1_3,false,temperature,4,non_convective,4,95.905993,42.193853,3.4849745840308,3054.742337034258,1189.1392799524797
published_vector_plot_digitization,2,8,left,figure2_mg_si_o_1_1_3,false,temperature,4,non_convective,5,98.039185,40.94262,3.393280925538593,2473.32350925525,1146.1642877250054
published_vector_plot_digitization,2,8,left,figure2_mg_si_o_1_1_3,false,temperature,4,non_convective,6,100.272762,39.884987,3.297272293097609,1982.769789263114,1109.8387033178487
published_vector_plot_digitization,2,8,left,figure2_mg_si_o_1_1_3,false,temperature,4,non_convective,7,102.610309,39.020955,3.1967945881711506,1573.2385808893252,1080.1625610771237
published_vector_plot_digitization,2,8,left,figure2_mg_si_o_1_1_3,false,temperature,4,non_convective,8,105.148628,38.321842,3.0876868493786365,1223.7335007406589,1056.1507457388723
published_vector_plot_digitization,2,8,left,figure2_mg_si_o_1_1_3,false,temperature,4,non_convective,9,108.092074,37.751795,2.9611650302858163,914.4606671039062,1036.5718460500893
published_vector_plot_digitization,2,8,left,figure2_mg_si_o_1_1_3,false,temperature,4,non_convective,10,111.544617,37.321572,2.812760058407214,649.7706020381735,1021.7953575135174
published_vector_plot_digitization,2,8,left,figure2_mg_si_o_1_1_3,false,temperature,4,non_convective,11,115.911385,37.00966,2.625057810458274,421.75264066208433,1011.0823921620151
published_vector_plot_digitization,2,8,left,figure2_mg_si_o_1_1_3,false,temperature,4,non_convective,12,122.206989,36.808889,2.3544459934356285,226.17572621123588,1004.186688352651
published_vector_plot_digitization,2,8,left,figure2_mg_si_o_1_1_3,false,temperature,4,non_convective,13,133.378459,36.708504,1.8742487326940105,74.85981210073207,1000.7388536210262
published_vector_plot_digitization,2,8,left,figure2_mg_si_o_1_1_3,false,temperature,4,non_convective,14,173.6904,36.686992,0.14147017773412515,1.3850650725882319,1000.0
published_vector_plot_digitization,2,8,left,figure2_mg_si_o_1_1_3,false,temperature,4,non_convective,15,246.702911,36.686992,-2.996917857329051,0.0010071221384128554,1000.0
published_vector_plot_digitization,2,8,right,figure2_mg_si_o_1_1_4,false,temperature,0,non_convective,0,265.776152,124.033116,5.3161275179212915,207074.92747293352,4000.0
published_vector_plot_digitization,2,8,right,figure2_mg_si_o_1_1_4,false,temperature,0,non_convective,1,265.876537,123.377025,5.311741230449546,204994.03806235414,3977.4658232115717
published_vector_plot_digitization,2,8,right,figure2_mg_si_o_1_1_4,false,temperature,0,non_convective,2,265.976923,122.717349,5.3073548992831485,202934.03902645808,3954.8085156016773
published_vector_plot_digitization,2,8,right,figure2_mg_si_o_1_1_4,false,temperature,0,non_convective,3,266.077308,122.061258,5.302968611811401,200894.76127318345,3932.2743388132485
published_vector_plot_digitization,2,8,right,figure2_mg_si_o_1_1_4,false,temperature,0,non_convective,4,266.174109,121.405167,5.298738925966379,198947.70149267625,3909.7401620248197
published_vector_plot_digitization,2,8,right,figure2_mg_si_o_1_1_4,false,temperature,0,non_convective,5,266.274494,120.749076,5.294352638494631,196948.4823194638,3887.2059852363914
published_vector_plot_digitization,2,8,right,figure2_mg_si_o_1_1_4,false,temperature,0,non_convective,6,266.37488,120.0894,5.289966307328234,194969.33362063245,3864.548677626497
published_vector_plot_digitization,2,8,right,figure2_mg_si_o_1_1_4,false,temperature,0,non_convective,7,266.57565,118.777219,5.281193732384741,191070.54060833203,3819.480358395754
published_vector_plot_digitization,2,8,right,figure2_mg_si_o_1_1_4,false,temperature,0,non_convective,8,266.676036,118.117543,5.276807401218343,189150.45974567952,3796.82305078586
published_vector_plot_digitization,2,8,right,figure2_mg_si_o_1_1_4,false,temperature,0,non_convective,9,266.776421,117.461452,5.272421113746595,187249.69274556704,3774.2888739974314
published_vector_plot_digitization,2,8,right,figure2_mg_si_o_1_1_4,false,temperature,0,non_convective,10,266.873222,116.801776,5.2681914279015745,185434.8801374803,3751.631566387537
published_vector_plot_digitization,2,8,right,figure2_mg_si_o_1_1_4,false,temperature,0,non_convective,11,267.073993,115.482424,5.259418809263431,181726.7288798381,3706.3169511677474
published_vector_plot_digitization,2,8,right,figure2_mg_si_o_1_1_4,false,temperature,1,convective,0,267.174378,114.822748,5.255032521791684,179900.56271689275,3683.659643557853
published_vector_plot_digitization,2,8,right,figure2_mg_si_o_1_1_4,false,temperature,1,convective,1,267.274764,114.518006,5.250646190625285,178092.72972205555,3673.192939849283
published_vector_plot_digitization,2,8,right,figure2_mg_si_o_1_1_4,false,temperature,1,convective,2,267.375149,114.21685,5.246259903153538,176303.08150195229,3662.849401308293
published_vector_plot_digitization,2,8,right,figure2_mg_si_o_1_1_4,false,temperature,1,convective,3,267.475535,113.919279,5.241873571987142,174531.39984061095,3652.6289935887717
published_vector_plot_digitization,2,8,right,figure2_mg_si_o_1_1_4,false,temperature,1,convective,4,267.572335,113.618122,5.237643929836769,172839.86954163155,3642.285420701667
published_vector_plot_digitization,2,8,right,figure2_mg_si_o_1_1_4,false,temperature,1,convective,5,267.873491,112.725408,5.224485023726878,167681.4511239792,3611.6241631969842
published_vector_plot_digitization,2,8,right,figure2_mg_si_o_1_1_4,false,temperature,1,convective,6,267.973877,112.431422,5.22009869256048,165996.40881290485,3601.526886298927
published_vector_plot_digitization,2,8,right,figure2_mg_si_o_1_1_4,false,temperature,1,convective,7,268.074262,112.133851,5.215712405088735,164328.3161398403,3591.306478579405
published_vector_plot_digitization,2,8,right,figure2_mg_si_o_1_1_4,false,temperature,1,convective,8,268.275033,111.545879,5.206939786450589,161042.23397607193,3571.111924783291
published_vector_plot_digitization,2,8,right,figure2_mg_si_o_1_1_4,false,temperature,1,convective,9,268.371834,111.255478,5.202710100605568,159481.42246087542,3561.1377787067004
published_vector_plot_digitization,2,8,right,figure2_mg_si_o_1_1_4,false,temperature,1,convective,10,268.472219,110.961492,5.19832381313382,157878.79868003866,3551.040501808644
published_vector_plot_digitization,2,8,right,figure2_mg_si_o_1_1_4,false,temperature,1,convective,11,268.773375,110.09029,5.185164907023929,153166.89450522224,3521.1180979249866
published_vector_plot_digitization,2,8,right,figure2_mg_si_o_1_1_4,false,temperature,1,convective,12,268.974146,109.516658,5.176392288385784,150104.00788935085,3501.4160674147374
published_vector_plot_digitization,2,8,right,figure2_mg_si_o_1_1_4,false,temperature,1,convective,13,269.070947,109.229843,5.172162602540762,148649.2089946357,3491.565086505728
published_vector_plot_digitization,2,8,right,figure2_mg_si_o_1_1_4,false,temperature,1,convective,14,269.271718,108.656211,5.163389983902617,145676.66277856016,3471.8630559954786
published_vector_plot_digitization,2,8,right,figure2_mg_si_o_1_1_4,false,temperature,1,convective,15,269.67326,107.523289,5.145844746626328,139908.70817722377,3432.951586953074
published_vector_plot_digitization,2,8,right,figure2_mg_si_o_1_1_4,false,temperature,1,convective,16,269.77006,107.243644,5.1416151044759575,138552.7354457335,3423.346867686997
published_vector_plot_digitization,2,8,right,figure2_mg_si_o_1_1_4,false,temperature,1,convective,17,269.870445,106.960414,5.1372288170042095,137160.42338017118,3413.6190175994534
published_vector_plot_digitization,2,8,right,figure2_mg_si_o_1_1_4,false,temperature,1,convective,18,270.071216,106.401123,5.128456198366067,134417.61902708083,3394.409544721183
published_vector_plot_digitization,2,8,right,figure2_mg_si_o_1_1_4,false,temperature,1,convective,19,270.171602,106.125063,5.124069867199668,133066.8472279563,3384.927956276572
published_vector_plot_digitization,2,8,right,figure2_mg_si_o_1_1_4,false,temperature,1,convective,20,270.271987,105.845418,5.119683579727921,131729.66267995187,3375.323237010494
published_vector_plot_digitization,2,8,right,figure2_mg_si_o_1_1_4,false,temperature,1,convective,21,270.472758,105.293298,5.110910961089777,129095.45754026457,3356.3600601212706
published_vector_plot_digitization,2,8,right,figure2_mg_si_o_1_1_4,false,temperature,1,convective,22,270.569559,105.017238,5.106681275244754,127844.27223493386,3346.87847167666
published_vector_plot_digitization,2,8,right,figure2_mg_si_o_1_1_4,false,temperature,1,convective,23,271.071486,103.654863,5.084749750496719,121548.54108721553,3300.086183560933
published_vector_plot_digitization,2,8,right,figure2_mg_si_o_1_1_4,false,temperature,2,non_convective,0,271.171871,103.385974,5.080363463024972,120327.10363408439,3290.850891105368
published_vector_plot_digitization,2,8,right,figure2_mg_si_o_1_1_4,false,temperature,2,non_convective,1,271.268672,102.851779,5.076133777179951,119160.90068032862,3272.503368323475
published_vector_plot_digitization,2,8,right,figure2_mg_si_o_1_1_4,false,temperature,2,non_convective,2,271.569828,101.259953,5.06297487107006,115604.53497394631,3217.8303298266555
published_vector_plot_digitization,2,8,right,figure2_mg_si_o_1_1_4,false,temperature,2,non_convective,3,271.670214,100.725758,5.058588539903662,114442.81713647851,3199.4828070447643
published_vector_plot_digitization,2,8,right,figure2_mg_si_o_1_1_4,false,temperature,2,non_convective,4,271.870985,99.66454,5.049815921265516,112154.2979755838,3163.0340918161405
published_vector_plot_digitization,2,8,right,figure2_mg_si_o_1_1_4,false,temperature,2,non_convective,5,271.967785,99.130346,5.045586279115145,111067.31653064268,3144.686603380363
published_vector_plot_digitization,2,8,right,figure2_mg_si_o_1_1_4,false,temperature,3,convective,0,272.06817,98.599737,5.041199991643397,109951.20457227713,3126.4622457660516
published_vector_plot_digitization,2,8,right,figure2_mg_si_o_1_1_4,false,temperature,3,convective,1,275.065394,91.199893,4.910237337051383,81327.48403001609,2872.3063544296483
published_vector_plot_digitization,2,8,right,figure2_mg_si_o_1_1_4,false,temperature,3,convective,2,278.062618,84.395192,4.77927468245937,60155.40879595083,2638.591312878405
published_vector_plot_digitization,2,8,right,figure2_mg_si_o_1_1_4,false,temperature,3,convective,3,281.059841,78.14261,4.648312071562006,44495.08815678425,2423.839413870271
published_vector_plot_digitization,2,8,right,figure2_mg_si_o_1_1_4,false,temperature,3,convective,4,284.057065,72.399127,4.51734941696999,32911.63189673164,2226.573087547651
published_vector_plot_digitization,2,8,right,figure2_mg_si_o_1_1_4,false,temperature,3,convective,5,287.054288,67.121719,4.386386806072629,24343.712260289514,2045.3146266684942
published_vector_plot_digitization,2,8,right,figure2_mg_si_o_1_1_4,false,temperature,3,convective,6,290.148312,62.120371,4.251194509330243,17831.772278544446,1873.5377542339488
published_vector_plot_digitization,2,8,right,figure2_mg_si_o_1_1_4,false,temperature,3,convective,7,293.245921,57.538491,4.11584556726648,13057.065035060097,1716.167977871577
published_vector_plot_digitization,2,8,right,figure2_mg_si_o_1_1_4,false,temperature,3,convective,8,296.343531,53.343812,3.9804965815080697,9560.851692914533,1572.0970514959542
published_vector_plot_digitization,2,8,right,figure2_mg_si_o_1_1_4,false,temperature,3,convective,9,298.641641,50.457729,3.8800814686755105,7587.198888502499,1472.9713135296079
published_vector_plot_digitization,2,8,right,figure2_mg_si_o_1_1_4,false,temperature,4,non_convective,0,298.742027,50.339418,3.8756951375091124,7510.954610653236,1468.907790344538
published_vector_plot_digitization,2,8,right,figure2_mg_si_o_1_1_4,false,temperature,4,non_convective,1,301.040137,47.73298,3.7752800246765528,5960.463387981802,1379.386771644269
published_vector_plot_digitization,2,8,right,figure2_mg_si_o_1_1_4,false,temperature,4,non_convective,2,303.237862,45.571107,3.6792511993157415,4778.055602096513,1305.1348334586662
published_vector_plot_digitization,2,8,right,figure2_mg_si_o_1_1_4,false,temperature,4,non_convective,3,305.435587,43.717561,3.58322237395493,3830.2081315956148,1241.4727298030994
published_vector_plot_digitization,2,8,right,figure2_mg_si_o_1_1_4,false,temperature,4,non_convective,4,307.633312,42.158001,3.487193548594118,3070.390040020476,1187.9079030455891
published_vector_plot_digitization,2,8,right,figure2_mg_si_o_1_1_4,false,temperature,4,non_convective,5,309.827452,40.878086,3.3913213685546806,2462.188896913035,1143.9477955541568
published_vector_plot_digitization,2,8,right,figure2_mg_si_o_1_1_4,false,temperature,4,non_convective,6,312.025177,39.84555,3.2952925431938693,1973.7518186985428,1108.484195589492
published_vector_plot_digitization,2,8,right,figure2_mg_si_o_1_1_4,false,temperature,4,non_convective,7,314.423673,38.974347,3.190491099194912,1550.5690077721358,1078.56175735972
published_vector_plot_digitization,2,8,right,figure2_mg_si_o_1_1_4,false,temperature,4,non_convective,8,317.02294,38.275234,3.076917036557812,1193.760038241181,1054.5499420214685
published_vector_plot_digitization,2,8,right,figure2_mg_si_o_1_1_4,false,temperature,4,non_convective,9,319.919778,37.726699,2.950340713132195,891.9504175346808,1035.709895953712
published_vector_plot_digitization,2,8,right,figure2_mg_si_o_1_1_4,false,temperature,4,non_convective,10,323.415343,37.307231,2.79760322280817,627.4848184136719,1021.3027998815381
published_vector_plot_digitization,2,8,right,figure2_mg_si_o_1_1_4,false,temperature,4,non_convective,11,327.911179,37.00249,2.601159240920149,399.171237961277,1010.8361305190831
published_vector_plot_digitization,2,8,right,figure2_mg_si_o_1_1_4,false,temperature,4,non_convective,12,334.403968,36.812474,2.3174590960041095,207.71080840775127,1004.3098191741171
published_vector_plot_digitization,2,8,right,figure2_mg_si_o_1_1_4,false,temperature,4,non_convective,13,346.389278,36.722844,1.7937651666520793,62.196388357358344,1001.2313769068908
published_vector_plot_digitization,2,8,right,figure2_mg_si_o_1_1_4,false,temperature,4,non_convective,14,397.636065,36.708504,-0.4454452710167498,0.35855412975452694,1000.7388536210262
published_vector_plot_digitization,2,8,right,figure2_mg_si_o_1_1_4,false,temperature,4,non_convective,15,456.074756,36.708504,-2.9989034390557254,0.001002528115191211,1000.7388536210262
published_vector_plot_digitization,5,11,right,figure5_mg_si_o_1_1_3_sio_on,true,temperature,0,non_convective,0,265.743885,124.033116,5.1835696623258585,152605.31593422272,4000.0
published_vector_plot_digitization,5,11,right,figure5_mg_si_o_1_1_3_sio_on,true,temperature,0,non_convective,1,265.944656,122.842831,5.174938341277357,149602.32439306,3959.118334775794
published_vector_plot_digitization,5,11,right,figure5_mg_si_o_1_1_3_sio_on,true,temperature,0,non_convective,2,266.048627,122.247688,5.170468536969295,148070.4979776408,3938.6774849906337
published_vector_plot_digitization,5,11,right,figure5_mg_si_o_1_1_3_sio_on,true,temperature,0,non_convective,3,266.249398,121.064574,5.161837215920796,145156.7433014005,3898.042115755474
published_vector_plot_digitization,5,11,right,figure5_mg_si_o_1_1_3_sio_on,true,temperature,0,non_convective,4,266.353368,120.476602,5.157367454603611,143670.45084552246,3877.847561959361
published_vector_plot_digitization,5,11,right,figure5_mg_si_o_1_1_3_sio_on,true,temperature,0,non_convective,5,266.554139,119.300657,5.148736133555108,140843.280992605,3837.458420021019
published_vector_plot_digitization,5,11,right,figure5_mg_si_o_1_1_3_sio_on,true,temperature,0,non_convective,6,266.65811,118.712685,5.144266329247047,139401.14124555205,3817.263866224905
published_vector_plot_digitization,5,11,right,figure5_mg_si_o_1_1_3_sio_on,true,temperature,0,non_convective,7,266.758495,118.124713,5.139950690218236,138022.7544714217,3797.0693124287923
published_vector_plot_digitization,5,11,right,figure5_mg_si_o_1_1_3_sio_on,true,temperature,0,non_convective,8,266.959266,116.955939,5.131319369169734,135306.72088092534,3756.926466479497
published_vector_plot_digitization,5,11,right,figure5_mg_si_o_1_1_3_sio_on,true,temperature,0,non_convective,9,267.063237,116.371552,5.126849564861673,133921.27175725673,3736.8550435048496
published_vector_plot_digitization,5,11,right,figure5_mg_si_o_1_1_3_sio_on,true,temperature,0,non_convective,10,267.163623,115.787166,5.122533882841987,132597.05634648292,3716.7836548763175
published_vector_plot_digitization,5,11,right,figure5_mg_si_o_1_1_3_sio_on,true,temperature,0,non_convective,11,267.264008,115.206364,5.118218243813174,131285.94779225136,3696.835362723136
published_vector_plot_digitization,5,11,right,figure5_mg_si_o_1_1_3_sio_on,true,temperature,0,non_convective,12,267.367979,114.629147,5.1137484395051125,129941.66866010944,3677.0102013914207
published_vector_plot_digitization,5,11,right,figure5_mg_si_o_1_1_3_sio_on,true,temperature,0,non_convective,13,267.468364,114.051931,5.109432800476299,128656.81635625276,3657.1850744058197
published_vector_plot_digitization,5,11,right,figure5_mg_si_o_1_1_3_sio_on,true,temperature,0,non_convective,14,267.56875,113.4783,5.105117118456611,127384.65595421479,3637.4830782416866
published_vector_plot_digitization,5,11,right,figure5_mg_si_o_1_1_3_sio_on,true,temperature,0,non_convective,15,267.67272,112.904668,5.100647357139425,126080.33588727689,3617.7810477314374
published_vector_plot_digitization,5,11,right,figure5_mg_si_o_1_1_3_sio_on,true,temperature,0,non_convective,16,267.773106,112.331037,5.096331675119739,124833.65176020189,3598.0790515673025
published_vector_plot_digitization,5,11,right,figure5_mg_si_o_1_1_3_sio_on,true,temperature,0,non_convective,17,267.873491,111.764576,5.092016036090925,123599.30709834817,3578.6233170461005
published_vector_plot_digitization,5,11,right,figure5_mg_si_o_1_1_3_sio_on,true,temperature,0,non_convective,18,267.977462,111.19453,5.087546231782865,122333.73395763095,3559.0444517034325
published_vector_plot_digitization,5,11,right,figure5_mg_si_o_1_1_3_sio_on,true,temperature,0,non_convective,19,268.077848,110.628069,5.083230549763176,121124.0962829087,3539.5887171822305
published_vector_plot_digitization,5,11,right,figure5_mg_si_o_1_1_3_sio_on,true,temperature,0,non_convective,20,268.178233,110.065193,5.0789149107343645,119926.43139399099,3520.2561134824937
published_vector_plot_digitization,5,11,right,figure5_mg_si_o_1_1_3_sio_on,true,temperature,0,non_convective,21,268.282204,109.498732,5.074445106426303,118698.4660113569,3500.800378961292
published_vector_plot_digitization,5,11,right,figure5_mg_si_o_1_1_3_sio_on,true,temperature,0,non_convective,22,268.382589,108.939442,5.07012946739749,117524.78555079679,3481.590940429137
published_vector_plot_digitization,5,11,right,figure5_mg_si_o_1_1_3_sio_on,true,temperature,0,non_convective,23,268.482975,108.376566,5.065813785377801,116362.6988252732,3462.2583367294005
published_vector_plot_digitization,5,11,right,figure5_mg_si_o_1_1_3_sio_on,true,temperature,0,non_convective,24,268.586945,107.817275,5.061344024060616,115171.2350497977,3443.0488638511306
published_vector_plot_digitization,5,11,right,figure5_mg_si_o_1_1_3_sio_on,true,temperature,0,non_convective,25,268.687331,107.257985,5.05702834204093,114032.42026459142,3423.8394253189763
published_vector_plot_digitization,5,11,right,figure5_mg_si_o_1_1_3_sio_on,true,temperature,0,non_convective,26,268.787716,106.70228,5.052712703012117,112904.8772724004,3404.7531176082866
published_vector_plot_digitization,5,11,right,figure5_mg_si_o_1_1_3_sio_on,true,temperature,0,non_convective,27,268.891687,106.146574,5.048242898704055,111748.8078454233,3385.666775551483
published_vector_plot_digitization,5,11,right,figure5_mg_si_o_1_1_3_sio_on,true,temperature,0,non_convective,28,269.192843,104.479458,5.035295938626742,108466.57794058272,3328.407818073301
published_vector_plot_digitization,5,11,right,figure5_mg_si_o_1_1_3_sio_on,true,temperature,0,non_convective,29,269.296814,103.927338,5.030826134318682,107355.95369090237,3309.4446411840786
published_vector_plot_digitization,5,11,right,figure5_mg_si_o_1_1_3_sio_on,true,temperature,0,non_convective,30,269.3972,103.375218,5.026510452298993,106294.41651722933,3290.481464294856
published_vector_plot_digitization,5,11,right,figure5_mg_si_o_1_1_3_sio_on,true,temperature,0,non_convective,31,269.497585,102.819513,5.022194813270179,105243.38625605477,3271.3951565841658
published_vector_plot_digitization,5,11,right,figure5_mg_si_o_1_1_3_sio_on,true,temperature,0,non_convective,32,269.601556,102.267393,5.017725008962119,104165.76530484823,3252.431979694943
published_vector_plot_digitization,5,11,right,figure5_mg_si_o_1_1_3_sio_on,true,temperature,0,non_convective,33,269.802327,101.163152,5.0090936879136185,102115.97490158361,3214.5055915703824
published_vector_plot_digitization,5,11,right,figure5_mg_si_o_1_1_3_sio_on,true,temperature,0,non_convective,34,269.906297,100.611032,5.004623926596433,101070.38652815396,3195.5424146811597
published_vector_plot_digitization,5,11,right,figure5_mg_si_o_1_1_3_sio_on,true,temperature,0,non_convective,35,270.006683,100.055327,5.000308244576744,100071.0011306189,3176.456106970471
published_vector_plot_digitization,5,11,right,figure5_mg_si_o_1_1_3_sio_on,true,temperature,0,non_convective,36,270.107068,99.503207,4.995992605547931,99081.50747798434,3157.4929300812482
published_vector_plot_digitization,5,11,right,figure5_mg_si_o_1_1_3_sio_on,true,temperature,0,non_convective,37,270.211039,98.947501,4.99152280123987,98066.97998952393,3138.4065880244443
published_vector_plot_digitization,5,11,right,figure5_mg_si_o_1_1_3_sio_on,true,temperature,1,convective,0,270.311424,98.391796,4.987207162211059,97097.30192958371,3119.320280313755
published_vector_plot_digitization,5,11,right,figure5_mg_si_o_1_1_3_sio_on,true,temperature,1,convective,1,273.25487,91.196308,4.86066584192613,72554.74864954669,2872.1832236081823
published_vector_plot_digitization,5,11,right,figure5_mg_si_o_1_1_3_sio_on,true,temperature,1,convective,2,276.198316,84.563696,4.734124521641201,54215.631608554584,2644.378770602345
published_vector_plot_digitization,5,11,right,figure5_mg_si_o_1_1_3_sio_on,true,temperature,1,convective,3,279.245732,78.253752,4.6031134400390865,40097.14398321619,2427.656709758524
published_vector_plot_digitization,5,11,right,figure5_mg_si_o_1_1_3_sio_on,true,temperature,1,convective,4,282.293149,72.460075,4.472102315446095,29655.299564980178,2228.6664145509194
published_vector_plot_digitization,5,11,right,figure5_mg_si_o_1_1_3_sio_on,true,temperature,1,convective,5,285.33698,67.14323,4.3412453561323545,21940.44117901864,2046.053445943406
published_vector_plot_digitization,5,11,right,figure5_mg_si_o_1_1_3_sio_on,true,temperature,1,convective,6,288.384396,62.260193,4.21023427453024,16226.851978084896,1878.3400966939303
published_vector_plot_digitization,5,11,right,figure5_mg_si_o_1_1_3_sio_on,true,temperature,1,convective,7,291.532198,57.635291,4.074907510908437,11882.491461940515,1719.4926817817354
published_vector_plot_digitization,5,11,right,figure5_mg_si_o_1_1_3_sio_on,true,temperature,1,convective,8,294.676415,53.401175,3.9397348695750063,8704.320416993074,1574.0672476777563
published_vector_plot_digitization,5,11,right,figure5_mg_si_o_1_1_3_sio_on,true,temperature,1,convective,9,297.114348,50.371684,3.83492599569514,6837.951178384154,1470.0160020838475
published_vector_plot_digitization,5,11,right,figure5_mg_si_o_1_1_3_sio_on,true,temperature,2,non_convective,0,297.214733,50.249788,3.8306103566663268,6770.3380915598855,1465.8293480773116
published_vector_plot_digitization,5,11,right,figure5_mg_si_o_1_1_3_sio_on,true,temperature,2,non_convective,1,299.552281,47.62901,3.730117121815274,5371.76644217767,1375.8158060911783
published_vector_plot_digitization,5,11,right,figure5_mg_si_o_1_1_3_sio_on,true,temperature,2,non_convective,2,301.785858,45.456381,3.6340936912722794,4306.194989322268,1301.1944410950623
published_vector_plot_digitization,5,11,right,figure5_mg_si_o_1_1_3_sio_on,true,temperature,2,non_convective,3,304.019435,43.595664,3.5380702607292878,3451.995816584131,1237.2860414504485
published_vector_plot_digitization,5,11,right,figure5_mg_si_o_1_1_3_sio_on,true,temperature,2,non_convective,4,306.149041,42.104223,3.4465166344943543,2795.867813806039,1186.0608376852533
published_vector_plot_digitization,5,11,right,figure5_mg_si_o_1_1_3_sio_on,true,temperature,2,non_convective,5,308.382618,40.817138,3.3504932039513626,2241.2649731171705,1141.8544685508884
published_vector_plot_digitization,5,11,right,figure5_mg_si_o_1_1_3_sio_on,true,temperature,2,non_convective,6,310.616195,39.788187,3.2544697734083683,1796.6760284291342,1106.5139994076899
published_vector_plot_digitization,5,11,right,figure5_mg_si_o_1_1_3_sio_on,true,temperature,2,non_convective,7,312.953742,38.949251,3.153976581548191,1425.5307226678035,1077.6998072633423
published_vector_plot_digitization,5,11,right,figure5_mg_si_o_1_1_3_sio_on,true,temperature,2,non_convective,8,315.592446,38.246552,3.0405363866198227,1097.8332665017938,1053.5648267575102
published_vector_plot_digitization,5,11,right,figure5_mg_si_o_1_1_3_sio_on,true,temperature,2,non_convective,9,318.535892,37.701603,2.913995066334894,820.3422250384883,1034.8479458573343
published_vector_plot_digitization,5,11,right,figure5_mg_si_o_1_1_3_sio_on,true,temperature,2,non_convective,10,322.088821,37.282135,2.7612515383277167,577.1006165989905,1020.4408497851605
published_vector_plot_digitization,5,11,right,figure5_mg_si_o_1_1_3_sio_on,true,temperature,2,non_convective,11,326.659946,36.980978,2.56473487293367,367.058151295484,1010.0972768980569
published_vector_plot_digitization,5,11,right,figure5_mg_si_o_1_1_3_sio_on,true,temperature,2,non_convective,12,333.256706,36.790963,2.28113438561275,191.04443241321553,1003.5709998992056
published_vector_plot_digitization,5,11,right,figure5_mg_si_o_1_1_3_sio_on,true,temperature,2,non_convective,13,345.442786,36.701333,1.7572441385017892,57.179998351570276,1000.4925576319793
published_vector_plot_digitization,5,11,right,figure5_mg_si_o_1_1_3_sio_on,true,temperature,2,non_convective,14,397.930051,36.686992,-0.49922933213261267,0.31678941933799243,1000.0
published_vector_plot_digitization,5,11,right,figure5_mg_si_o_1_1_3_sio_on,true,temperature,2,non_convective,15,456.006637,36.686992,-2.995992605547933,0.0010092700701209993,1000.0
