panel,sweep,level,species,point_index,x,value
a,pressure_melt,surface,H2,0,3.0,-0.19635986933569782
a,pressure_melt,surface,H2,1,3.1667144089270707,-0.16067620066470312
a,pressure_melt,surface,H2,2,3.333428816876389,-0.13775093447833697
a,pressure_melt,surface,H2,3,3.5001432248257074,-0.12499252689034002
a,pressure_melt,surface,H2,4,3.666857633752778,-0.11741722238496699
a,pressure_melt,surface,H2,5,3.8335338487411583,-0.11223411930234306
a,pressure_melt,surface,H2,6,4.166466151258842,-0.11223411930234306
a,pressure_melt,surface,H2,7,4.333180559208159,-0.11741722238496699
a,pressure_melt,surface,H2,8,4.499894967157478,-0.12240097790071047
a,pressure_melt,surface,H2,9,4.666609376084549,-0.13515938548870743
a,pressure_melt,surface,H2,10,4.833285591072929,-0.15569244514895786
a,pressure_melt,surface,H2,11,5.0,-0.19396766791294873
a,pressure_melt,surface,O2,0,3.0,-8.037796780438097
a,pressure_melt,surface,O2,1,3.1667144089270707,-8.22398979627879
a,pressure_melt,surface,O2,2,3.333428816876389,-8.417957459088374
a,pressure_melt,surface,O2,3,3.5001432248257074,-8.624683529485957
a,pressure_melt,surface,O2,4,3.666857633752778,-8.851743317080272
a,pressure_melt,surface,O2,5,3.8335338487411583,-9.104319919850582
a,pressure_melt,surface,O2,6,4.000248257668229,-9.400354843364141
a,pressure_melt,surface,O2,7,4.166466151258842,-9.750014951322685
a,pressure_melt,surface,O2,8,4.262790030712046,-10.0
a,pressure_melt,surface,H2O,0,3.0,-1.3446165522554274
a,pressure_melt,surface,H2O,1,3.1667144089270707,-1.3063413294914348
a,pressure_melt,surface,H2O,2,3.333428816876389,-1.2784323128926918
a,pressure_melt,surface,H2O,3,3.5001432248257074,-1.2578992532324413
a,pressure_melt,surface,H2O,4,3.666857633752778,-1.240157090128701
a,pressure_melt,surface,H2O,5,3.8335338487411583,-1.2248071284477113
a,pressure_melt,surface,H2O,6,4.000248257668229,-1.209457171870083
a,pressure_melt,surface,H2O,7,4.166466151258842,-1.196698764282086
a,pressure_melt,surface,H2O,8,4.333180559208159,-1.1813488077044596
a,pressure_melt,surface,H2O,9,4.499894967157478,-1.1685904001164609
a,pressure_melt,surface,H2O,10,4.666609376084549,-1.1610150905077266
a,pressure_melt,surface,H2O,11,4.833285591072929,-1.1636066446007192
a,pressure_melt,surface,H2O,12,5.0,-1.189123459776713
a,pressure_melt,surface,CO,0,3.0,-0.7144708249278313
a,pressure_melt,surface,CO,1,3.1667144089270707,-0.9058469387477857
a,pressure_melt,surface,CO,2,3.333428816876389,-1.1073899111661074
a,pressure_melt,surface,CO,3,3.5001432248257074,-1.326874389151687
a,pressure_melt,surface,CO,4,3.666857633752778,-1.5692841333236291
a,pressure_melt,surface,CO,5,3.8335338487411583,-1.849969100259564
a,pressure_melt,surface,CO,6,4.000248257668229,-2.1790961485578535
a,pressure_melt,surface,CO,7,4.166466151258842,-2.582182088291133
a,pressure_melt,surface,CO,8,4.333180559208159,-3.0797599842230152
a,pressure_melt,surface,CO,9,4.499894967157478,-3.7126966081071213
a,pressure_melt,surface,CO,10,4.666609376084549,-4.521460041666673
a,pressure_melt,surface,CO,11,4.833285591072929,-5.572832566965049
a,pressure_melt,surface,CO,12,5.0,-6.943165281963349
a,pressure_melt,surface,CO2,0,3.0,-2.7352829793470965
a,pressure_melt,surface,CO2,1,3.1667144089270707,-2.9292506472600444
a,pressure_melt,surface,CO2,2,3.333428816876389,-3.1333851686679957
a,pressure_melt,surface,CO2,3,3.5001432248257074,-3.358052749736199
a,pressure_melt,surface,CO2,4,3.666857633752778,-3.6080377984135144
a,pressure_melt,surface,CO2,5,3.8335338487411583,-3.898889623947815
a,pressure_melt,surface,CO2,6,4.000248257668229,-4.243366628823733
a,pressure_melt,surface,CO2,7,4.166466151258842,-4.6669856282172635
a,pressure_melt,surface,CO2,8,4.333180559208159,-5.1976556438305135
a,pressure_melt,surface,CO2,9,4.499894967157478,-5.876442800087346
a,pressure_melt,surface,CO2,10,4.666609376084549,-6.749197614050401
a,pressure_melt,surface,CO2,11,4.833285591072929,-7.884695889382132
a,pressure_melt,surface,CO2,12,5.0,-9.372246479198518
a,pressure_melt,surface,CH4,0,3.0,-3.1768434894112483
a,pressure_melt,surface,CH4,1,3.1667144089270707,-2.9394175007550487
a,pressure_melt,surface,CH4,2,3.333428816876389,-2.7277076748417244
a,pressure_melt,surface,CH4,3,3.5001432248257074,-2.5337400120321387
a,pressure_melt,surface,CH4,4,3.666857633752778,-2.350138550284438
a,pressure_melt,surface,CH4,5,3.8335338487411583,-2.1739130454752296
a,pressure_melt,surface,CH4,6,4.000248257668229,-2.000478442325896
a,pressure_melt,surface,CH4,7,4.166466151258842,-1.8270438391765627
a,pressure_melt,surface,CH4,8,4.333180559208159,-1.6458345788516109
a,pressure_melt,surface,CH4,9,4.499894967157478,-1.4544584650316565
a,pressure_melt,surface,CH4,10,4.666609376084549,-1.24254929155145
a,pressure_melt,surface,CH4,11,4.833285591072929,-1.007914199451763
a,pressure_melt,surface,CH4,12,5.0,-0.7553376017848166
a,pressure_melt,surface,N2,0,3.0,-3.2890776087135905
a,pressure_melt,surface,N2,1,3.1667144089270707,-3.541654211483899
a,pressure_melt,surface,N2,2,3.333428816876389,-3.8376891349974604
a,pressure_melt,surface,N2,3,3.5001432248257074,-4.194924547461376
a,pressure_melt,surface,N2,4,3.666857633752778,-4.6490441175466435
a,pressure_melt,surface,N2,5,3.8335338487411583,-5.241113969677128
a,pressure_melt,surface,N2,6,4.000248257668229,-6.037318343215564
a,pressure_melt,surface,N2,7,4.166466151258842,-7.12935829270068
a,pressure_melt,surface,N2,8,4.333180559208159,-8.655184100177694
a,pressure_melt,surface,N2,9,4.436837582003408,-10.0
a,pressure_melt,surface,NH3,0,3.0,-4.047006759488036
a,pressure_melt,surface,NH3,1,3.1667144089270707,-3.934573292618813
a,pressure_melt,surface,NH3,2,3.333428816876389,-3.8556306456680813
a,pressure_melt,surface,NH3,3,3.5001432248257074,-3.8069892167388435
a,pressure_melt,surface,NH3,4,3.666857633752778,-3.7942308091508457
a,pressure_melt,surface,NH3,5,3.8335338487411583,-3.8301138304920865
a,pressure_melt,surface,NH3,6,4.000248257668229,-3.932181091196063
a,pressure_melt,surface,NH3,7,4.166466151258842,-4.125949406438767
a,pressure_melt,surface,NH3,8,4.333180559208159,-4.457668003726688
a,pressure_melt,surface,NH3,9,4.499894967157478,-4.996112676515555
a,pressure_melt,surface,NH3,10,4.666609376084549,-5.845942229395609
a,pressure_melt,surface,NH3,11,4.833285591072929,-7.175208819970044
a,pressure_melt,surface,NH3,12,5.0,-9.239678647802805
a,pressure_melt,base,H2,0,3.0,-0.35723541246391477
a,pressure_melt,base,H2,1,3.1667144089270707,-0.262743461368677
a,pressure_melt,base,H2,2,3.333428816876389,-0.19635986933569782
a,pressure_melt,base,H2,3,3.5001432248257074,-0.15569244514895786
a,pressure_melt,base,H2,4,3.666857633752778,-0.13256783139571304
a,pressure_melt,base,H2,5,3.8335338487411583,-0.11980942380771609
a,pressure_melt,base,H2,6,4.000248257668229,-0.1148256682919726
a,pressure_melt,base,H2,7,4.166466151258842,-0.1148256682919726
a,pressure_melt,base,H2,8,4.333180559208159,-0.11741722238496699
a,pressure_melt,base,H2,9,4.499894967157478,-0.12240097790071047
a,pressure_melt,base,H2,10,4.666609376084549,-0.13256783139571304
a,pressure_melt,base,H2,11,4.833285591072929,-0.15050934206633393
a,pressure_melt,base,H2,12,5.0,-0.18619301584069525
a,pressure_melt,base,H2O,0,3.0,-0.6506787869878465
a,pressure_melt,base,H2O,1,3.1667144089270707,-0.7246376835261987
a,pressure_melt,base,H2O,2,3.333428816876389,-0.8394633518181713
a,pressure_melt,base,H2O,3,3.5001432248257074,-0.9568805690997735
a,pressure_melt,base,H2O,4,3.666857633752778,-1.05376473182449
a,pressure_melt,base,H2O,5,3.8335338487411583,-1.1227398677437357
a,pressure_melt,base,H2O,6,4.000248257668229,-1.1636066446007192
a,pressure_melt,base,H2O,7,4.166466151258842,-1.1813488077044596
a,pressure_melt,base,H2O,8,4.333180559208159,-1.1813488077044596
a,pressure_melt,base,H2O,9,4.499894967157478,-1.1787572536114652
a,pressure_melt,base,H2O,10,4.666609376084549,-1.1787572536114652
a,pressure_melt,base,H2O,11,4.833285591072929,-1.1992903132717174
a,pressure_melt,base,H2O,12,5.0,-1.2656739053046948
a,pressure_melt,base,CO,0,3.0,-1.0870561990727374
a,pressure_melt,base,CO,1,3.1667144089270707,-1.4570500191246492
a,pressure_melt,base,CO,2,3.333428816876389,-1.908578040220286
a,pressure_melt,base,CO,3,3.5001432248257074,-2.3475469961914452
a,pressure_melt,base,CO,4,3.666857633752778,-2.725116125852093
a,pressure_melt,base,CO,5,3.8335338487411583,-3.0159679462830304
a,pressure_melt,base,CO,6,4.000248257668229,-3.1794350435042418
a,pressure_melt,base,CO,7,4.166466151258842,-3.1794350435042418
a,pressure_melt,base,CO,8,4.333180559208159,-3.0518509676242713
a,pressure_melt,base,CO,9,4.499894967157478,-2.8527002017320626
a,pressure_melt,base,CO,10,4.666609376084549,-2.618065109632375
a,pressure_melt,base,CO,11,4.833285591072929,-2.350138550284438
a,pressure_melt,base,CO,12,5.0,-2.066862029255512
a,pressure_melt,base,CO2,0,3.0,-1.227398682540704
a,pressure_melt,base,CO2,1,3.1667144089270707,-1.765644002659327
a,pressure_melt,base,CO2,2,3.333428816876389,-2.4011721806364257
a,pressure_melt,base,CO2,3,3.5001432248257074,-2.9956342341896605
a,pressure_melt,base,CO2,4,3.666857633752778,-3.495803679111172
a,pressure_melt,base,CO2,5,3.8335338487411583,-3.8683890532560783
a,pressure_melt,base,CO2,6,4.000248257668229,-4.07491577608678
a,pressure_melt,base,CO2,7,4.166466151258842,-4.0928572867574
a,pressure_melt,base,CO2,8,4.333180559208159,-3.96527321087743
a,pressure_melt,base,CO2,9,4.499894967157478,-3.755955586386854
a,pressure_melt,base,CO2,10,4.666609376084549,-3.5111536407921626
a,pressure_melt,base,CO2,11,4.833285591072929,-3.2456192828669757
a,pressure_melt,base,CO2,12,5.0,-2.9904511311070356
a,pressure_melt,base,CH4,0,3.0,-0.94910591702752
a,pressure_melt,base,CH4,1,3.1667144089270707,-0.9568805690997735
a,pressure_melt,base,CH4,2,3.333428816876389,-1.0920399545884791
a,pressure_melt,base,CH4,3,3.5001432248257074,-1.2911907204806887
a,pressure_melt,base,CH4,4,3.666857633752778,-1.5003089974043817
a,pressure_melt,base,CH4,5,3.8335338487411583,-1.6867013557085961
a,pressure_melt,base,CH4,6,4.000248257668229,-1.791160817835319
a,pressure_melt,base,CH4,7,4.166466151258842,-1.7734186547315804
a,pressure_melt,base,CH4,8,4.333180559208159,-1.6508183343673526
a,pressure_melt,base,CH4,9,4.499894967157478,-1.472200628135397
a,pressure_melt,base,CH4,10,4.666609376084549,-1.2656739053046948
a,pressure_melt,base,CH4,11,4.833285591072929,-1.0360225687207496
a,pressure_melt,base,CH4,12,5.0,-0.791021270455813
a,pressure_melt,base,N2,0,3.0,-3.153918228328248
a,pressure_melt,base,N2,1,3.1667144089270707,-3.378386461829569
a,pressure_melt,base,N2,2,3.333428816876389,-3.6259793090841352
a,pressure_melt,base,N2,3,3.5001432248257074,-3.8556306456680813
a,pressure_melt,base,N2,4,3.666857633752778,-4.036640553322788
a,pressure_melt,base,N2,5,3.8335338487411583,-4.176983036790754
a,pressure_melt,base,N2,6,4.000248257668229,-4.330083927846719
a,pressure_melt,base,N2,7,4.166466151258842,-4.562326818523657
a,pressure_melt,base,N2,8,4.333180559208159,-4.960429002741194
a,pressure_melt,base,N2,9,4.499894967157478,-5.656958316998405
a,pressure_melt,base,N2,10,4.666609376084549,-6.9736658526550865
a,pressure_melt,base,N2,11,4.833285591072929,-9.4487969247265
a,pressure_melt,base,N2,12,4.855781533502263,-10.0
a,pressure_melt,base,NH3,0,3.0,-4.35061698750697
a,pressure_melt,base,NH3,1,3.1667144089270707,-4.319917074351714
a,pressure_melt,base,NH3,2,3.333428816876389,-4.342842335434716
a,pressure_melt,base,NH3,3,3.5001432248257074,-4.396467519879696
a,pressure_melt,base,NH3,4,3.666857633752778,-4.4526842482109465
a,pressure_melt,base,NH3,5,3.8335338487411583,-4.503717878562934
a,pressure_melt,base,NH3,6,4.000248257668229,-4.572493672018662
a,pressure_melt,base,NH3,7,4.166466151258842,-4.6873193403106335
a,pressure_melt,base,NH3,8,4.333180559208159,-4.889061660295836
a,pressure_melt,base,NH3,9,4.499894967157478,-5.246297072759751
a,pressure_melt,base,NH3,10,4.666609376084549,-5.919901120830598
a,pressure_melt,base,NH3,11,4.833285591072929,-7.185575026135291
a,pressure_melt,base,NH3,12,5.0,-9.24984550129781
a,pressure_melt,radius,radius,0,3.0,1.5250323943623703
a,pressure_melt,radius,radius,1,3.1667144089270707,1.559739249748925
a,pressure_melt,radius,radius,2,3.333428816876389,1.6028586806491518
a,pressure_melt,radius,radius,3,3.5001432248257074,1.652357315343377
a,pressure_melt,radius,radius,4,3.666857633752778,1.705683471803665
a,pressure_melt,radius,radius,5,3.8335338487411583,1.758252098323752
a,pressure_melt,radius,radius,6,4.000248257668229,1.8075115123653658
a,pressure_melt,radius,radius,7,4.166466151258842,1.85138847371613
a,pressure_melt,radius,radius,8,4.333180559208159,1.8906803818296212
a,pressure_melt,radius,radius,9,4.499894967157478,1.9261647029337379
a,pressure_melt,radius,radius,10,4.666609376084549,1.9578015664944308
a,pressure_melt,radius,radius,11,4.833285591072929,1.9794908593940257
a,pressure_melt,radius,radius,12,5.0,1.9840759126312983
b,temperature_melt,surface,H2,0,2000.0,-1.2196240304684487
b,temperature_melt,surface,H2,1,2100.2196123119866,-0.9235891018515261
b,temperature_melt,surface,H2,2,2199.9809032262056,-0.6837709117725783
b,temperature_melt,surface,H2,3,2300.200515538192,-0.49757789593188306
b,temperature_melt,surface,H2,4,2399.9236125137204,-0.36221916797966003
b,temperature_melt,surface,H2,5,2500.1432248257074,-0.2679265593479361
b,temperature_melt,surface,H2,6,2599.866322778988,-0.20672607550094568
b,temperature_melt,surface,H2,7,2700.085935090975,-0.16585929864396043
b,temperature_melt,surface,H2,8,2799.8090330442556,-0.14034248346796652
b,temperature_melt,surface,H2,9,2900.028645356242,-0.12240097790071047
b,temperature_melt,surface,H2,10,3000.248257668229,-0.11223411930234306
b,temperature_melt,surface,H2,11,3099.9713546437574,-0.10465881479697003
b,temperature_melt,surface,H2,12,3200.1909669557444,-0.0994757117143461
b,temperature_melt,surface,H2,13,3299.952257869963,-0.09429260863172217
b,temperature_melt,surface,H2,14,3400.17187018195,-0.09190040720897308
b,temperature_melt,surface,H2,15,3499.8949671574783,-0.09190040720897308
b,temperature_melt,surface,H2,16,3600.114579469465,-0.08930885311597869
b,temperature_melt,surface,H2,17,4000.0,-0.08930885311597869
b,temperature_melt,surface,O2,0,2000.0,-9.591730957184097
b,temperature_melt,surface,O2,1,2100.2196123119866,-9.563622593018472
b,temperature_melt,surface,O2,2,2199.9809032262056,-9.54069732683211
b,temperature_melt,surface,O2,3,2300.200515538192,-9.517772060645745
b,temperature_melt,surface,O2,4,2399.9236125137204,-9.497239000985495
b,temperature_melt,surface,O2,5,2500.1432248257074,-9.476905288892123
b,temperature_melt,surface,O2,6,2599.866322778988,-9.458963778221504
b,temperature_melt,surface,O2,7,2700.085935090975,-9.443813169210756
b,temperature_melt,surface,O2,8,2799.8090330442556,-9.428463207529767
b,temperature_melt,surface,O2,9,2900.028645356242,-9.41311325095214
b,temperature_melt,surface,O2,10,3000.248257668229,-9.400354843364141
b,temperature_melt,surface,O2,11,3099.9713546437574,-9.387596435776146
b,temperature_melt,surface,O2,12,3200.1909669557444,-9.374838028188147
b,temperature_melt,surface,O2,13,3299.952257869963,-9.364671169589782
b,temperature_melt,surface,O2,14,3400.17187018195,-9.354504316094777
b,temperature_melt,surface,O2,15,3499.8949671574783,-9.344138109929531
b,temperature_melt,surface,O2,16,3600.114579469465,-9.333971256434527
b,temperature_melt,surface,O2,17,3699.8376774227454,-9.32380439783616
b,temperature_melt,surface,O2,18,3800.0572897347324,-9.316229093330787
b,temperature_melt,surface,O2,19,3899.7803876880134,-9.308454441258533
b,temperature_melt,surface,O2,20,4000.0,-9.300879131649797
b,temperature_melt,surface,H2O,0,2000.0,-0.03827522276399087
b,temperature_melt,surface,H2O,1,2100.2196123119866,-0.07136734754872265
b,temperature_melt,surface,H2O,2,2199.9809032262056,-0.12758407587996956
b,temperature_melt,surface,H2O,3,2300.200515538192,-0.21170983101668917
b,temperature_melt,surface,H2O,4,2399.9236125137204,-0.3239439452156674
b,temperature_melt,surface,H2O,5,2500.1432248257074,-0.4593026731678904
b,temperature_melt,surface,H2O,6,2599.866322778988,-0.6072204662445948
b,temperature_melt,surface,H2O,7,2700.085935090975,-0.76032135730056
b,temperature_melt,surface,H2O,8,2799.8090330442556,-0.9134222483565235
b,temperature_melt,surface,H2O,9,2900.028645356242,-1.0639315853194926
b,temperature_melt,surface,H2O,10,3000.248257668229,-1.209457171870083
b,temperature_melt,surface,H2O,11,3099.9713546437574,-1.3497996553380496
b,temperature_melt,surface,H2O,12,3200.1909669557444,-1.4799752802076505
b,temperature_melt,surface,H2O,13,3299.952257869963,-1.60755935608762
b,temperature_melt,surface,H2O,14,3400.17187018195,-1.7249765784725852
b,temperature_melt,surface,H2O,15,3499.8949671574783,-1.8372106926715652
b,temperature_melt,surface,H2O,16,3600.114579469465,-1.9442617088912844
b,temperature_melt,surface,H2O,17,3699.8376774227454,-2.043936768172511
b,temperature_melt,surface,H2O,18,3800.0572897347324,-2.1408209257938626
b,temperature_melt,surface,H2O,19,3899.7803876880134,-2.2327213278994718
b,temperature_melt,surface,H2O,20,4000.0,-2.31943863202582
b,temperature_melt,surface,CO,0,2000.0,-2.4266889958124196
b,temperature_melt,surface,CO,1,2100.2196123119866,-2.393397528564172
b,temperature_melt,surface,CO,2,2199.9809032262056,-2.3603054037794413
b,temperature_melt,surface,CO,3,2300.200515538192,-2.332197039613817
b,temperature_melt,surface,CO,4,2399.9236125137204,-2.3040886754481926
b,temperature_melt,surface,CO,5,2500.1432248257074,-2.281163409261829
b,temperature_melt,surface,CO,6,2599.866322778988,-2.2582381430754666
b,temperature_melt,surface,CO,7,2700.085935090975,-2.2353128819924653
b,temperature_melt,surface,CO,8,2799.8090330442556,-2.214779822332213
b,temperature_melt,surface,CO,9,2900.028645356242,-2.1970376592284744
b,temperature_melt,surface,CO,10,3000.248257668229,-2.1790961485578535
b,temperature_melt,surface,CO,11,3099.9713546437574,-2.163746191980226
b,temperature_melt,surface,CO,12,3200.1909669557444,-2.1483962302992357
b,temperature_melt,surface,CO,13,3299.952257869963,-2.1332456212884896
b,temperature_melt,surface,CO,14,3400.17187018195,-2.1204872137004926
b,temperature_melt,surface,CO,15,3499.8949671574783,-2.1077288061124957
b,temperature_melt,surface,CO,16,3600.114579469465,-2.0949703985244987
b,temperature_melt,surface,CO,17,3699.8376774227454,-2.084604192359251
b,temperature_melt,surface,CO,18,3800.0572897347324,-2.0744373388642465
b,temperature_melt,surface,CO,19,3899.7803876880134,-2.064270480265881
b,temperature_melt,surface,CO,20,4000.0,-2.0541036216675144
b,temperature_melt,surface,CO2,0,2000.0,-2.0999541540402413
b,temperature_melt,surface,CO2,1,2100.2196123119866,-2.4087474851417987
b,temperature_melt,surface,CO2,2,2199.9809032262056,-2.6894324520777326
b,temperature_melt,surface,CO2,3,2300.200515538192,-2.947192152827302
b,temperature_melt,surface,CO2,4,2399.9236125137204,-3.1794350435042418
b,temperature_melt,surface,CO2,5,2500.1432248257074,-3.3937364184071974
b,temperature_melt,surface,CO2,6,2599.866322778988,-3.5900962877428944
b,temperature_melt,surface,CO2,7,2700.085935090975,-3.7738970970574757
b,temperature_melt,surface,CO2,8,2799.8090330442556,-3.9423479446910665
b,temperature_melt,surface,CO2,9,2900.028645356242,-4.098040389840024
b,temperature_melt,surface,CO2,10,3000.248257668229,-4.243366628823733
b,temperature_melt,surface,CO2,11,3099.9713546437574,-4.378725356775957
b,temperature_melt,surface,CO2,12,3200.1909669557444,-4.506309432655927
b,temperature_melt,surface,CO2,13,3299.952257869963,-4.626118856463642
b,temperature_melt,surface,CO2,14,3400.17187018195,-4.738352970662621
b,temperature_melt,surface,CO2,15,3499.8949671574783,-4.843011785459591
b,temperature_melt,surface,CO2,16,3600.114579469465,-4.942487492070573
b,temperature_melt,surface,CO2,17,3699.8376774227454,-5.034387899279546
b,temperature_melt,surface,CO2,18,3800.0572897347324,-5.123696752395524
b,temperature_melt,surface,CO2,19,3899.7803876880134,-5.208021849995761
b,temperature_melt,surface,CO2,20,4000.0,-5.286964496946492
b,temperature_melt,surface,CH4,0,2000.0,-4.462851106809312
b,temperature_melt,surface,CH4,1,2100.2196123119866,-3.8428722380800835
b,temperature_melt,surface,CH4,2,2199.9809032262056,-3.3325359345602044
b,temperature_melt,surface,CH4,3,2300.200515538192,-2.9344337452393052
b,temperature_melt,surface,CH4,4,2399.9236125137204,-2.6358072727361135
b,temperature_melt,surface,CH4,5,2500.1432248257074,-2.424097441719427
b,temperature_melt,surface,CH4,6,2599.866322778988,-2.275980306179205
b,temperature_melt,surface,CH4,7,2700.085935090975,-2.1715208440524805
b,temperature_melt,surface,CH4,8,2799.8090330442556,-2.097362599947248
b,temperature_melt,surface,CH4,9,2900.028645356242,-2.043936768172511
b,temperature_melt,surface,CH4,10,3000.248257668229,-2.000478442325896
b,temperature_melt,surface,CH4,11,3099.9713546437574,-1.9673863226445292
b,temperature_melt,surface,CH4,12,3200.1909669557444,-1.9392779533755409
b,temperature_melt,surface,CH4,13,3299.952257869963,-1.913761138199547
b,temperature_melt,surface,CH4,14,3400.17187018195,-1.8908358771165474
b,temperature_melt,surface,CH4,15,3499.8949671574783,-1.8703028174562952
b,temperature_melt,surface,CH4,16,3600.114579469465,-1.8525606543525566
b,temperature_melt,surface,CH4,17,3699.8376774227454,-1.834619143681934
b,temperature_melt,surface,CH4,18,3800.0572897347324,-1.8192691871043074
b,temperature_melt,surface,CH4,19,3899.7803876880134,-1.801527024000567
b,temperature_melt,surface,CH4,20,4000.0,-1.78876861641257
b,temperature_melt,surface,N2,0,2000.0,-2.9753005220962905
b,temperature_melt,surface,N2,1,2100.2196123119866,-3.0263341524482783
b,temperature_melt,surface,N2,2,2199.9809032262056,-3.130793614575003
b,temperature_melt,surface,N2,3,2300.200515538192,-3.3221697283949583
b,temperature_melt,surface,N2,4,2399.9236125137204,-3.6283715105068843
b,temperature_melt,surface,N2,5,2500.1432248257074,-4.029065248817415
b,temperature_melt,surface,N2,6,2599.866322778988,-4.465442655798943
b,temperature_melt,surface,N2,7,2700.085935090975,-4.894045415811579
b,temperature_melt,surface,N2,8,2799.8090330442556,-5.302314458627482
b,temperature_melt,surface,N2,9,2900.028645356242,-5.682475132174398
b,temperature_melt,surface,N2,10,3000.248257668229,-6.037318343215564
b,temperature_melt,surface,N2,11,3099.9713546437574,-6.369036940503485
b,temperature_melt,surface,N2,12,3200.1909669557444,-6.677630924038162
b,temperature_melt,surface,N2,13,3299.952257869963,-6.9660905430463504
b,temperature_melt,surface,N2,14,3400.17187018195,-7.23660865648728
b,temperature_melt,surface,N2,15,3499.8949671574783,-7.491776808247219
b,temperature_melt,surface,N2,16,3600.114579469465,-7.729003449336538
b,temperature_melt,surface,N2,17,3699.8376774227454,-7.9534716828378595
b,temperature_melt,surface,N2,18,3800.0572897347324,-8.165380856318066
b,temperature_melt,surface,N2,19,3899.7803876880134,-8.364332279746757
b,temperature_melt,surface,N2,20,4000.0,-8.553116839473718
b,temperature_melt,surface,NH3,0,2000.0,-3.403903277005563
b,temperature_melt,surface,NH3,1,2100.2196123119866,-3.082351538316008
b,temperature_melt,surface,NH3,2,2199.9809032262056,-2.860474853804317
b,temperature_melt,surface,NH3,3,2300.200515538192,-2.755816039007348
b,temperature_melt,surface,NH3,4,2399.9236125137204,-2.7787413051937113
b,temperature_melt,surface,NH3,5,2500.1432248257074,-2.9037338320840504
b,temperature_melt,surface,NH3,6,2599.866322778988,-3.090126190388263
b,temperature_melt,surface,NH3,7,2700.085935090975,-3.299244467311957
b,temperature_melt,surface,NH3,8,2799.8090330442556,-3.5135458422149126
b,temperature_melt,surface,NH3,9,2900.028645356242,-3.7280465697881118
b,temperature_melt,surface,NH3,10,3000.248257668229,-3.932181091196063
b,temperature_melt,surface,NH3,11,3099.9713546437574,-4.12854096053176
b,temperature_melt,surface,NH3,12,3200.1909669557444,-4.31234176474298
b,temperature_melt,surface,NH3,13,3299.952257869963,-4.488367921985306
b,temperature_melt,surface,NH3,14,3400.17187018195,-4.6542272206292665
b,temperature_melt,surface,NH3,15,3499.8949671574783,-4.809919660674861
b,temperature_melt,surface,NH3,16,3600.114579469465,-4.957837453751564
b,temperature_melt,surface,NH3,17,3699.8376774227454,-5.095588383126538
b,temperature_melt,surface,NH3,18,3800.0572897347324,-5.2257640130995
b,temperature_melt,surface,NH3,19,3899.7803876880134,-5.350756534886477
b,temperature_melt,surface,NH3,20,4000.0,-5.468173757271443
b,temperature_melt,base,H2,0,2000.0,-1.2375655360357065
b,temperature_melt,base,H2,1,2100.2196123119866,-0.9313637539237796
b,temperature_melt,base,H2,2,2199.9809032262056,-0.6863624607622079
b,temperature_melt,base,H2,3,2300.200515538192,-0.49757789593188306
b,temperature_melt,base,H2,4,2399.9236125137204,-0.36221916797966003
b,temperature_melt,base,H2,5,2500.1432248257074,-0.27051811344093046
b,temperature_melt,base,H2,6,2599.866322778988,-0.20911827692369478
b,temperature_melt,base,H2,7,2700.085935090975,-0.16845085273695481
b,temperature_melt,base,H2,8,2799.8090330442556,-0.1429340375609609
b,temperature_melt,base,H2,9,2900.028645356242,-0.12499252689034002
b,temperature_melt,base,H2,10,3000.248257668229,-0.1148256682919726
b,temperature_melt,base,H2,11,3099.9713546437574,-0.10705101621971913
b,temperature_melt,base,H2,12,3200.1909669557444,-0.10206726070397565
b,temperature_melt,base,H2,13,3299.952257869963,-0.0994757117143461
b,temperature_melt,base,H2,14,3400.17187018195,-0.09688416272471656
b,temperature_melt,base,H2,15,3499.8949671574783,-0.09429260863172217
b,temperature_melt,base,H2,16,4000.0,-0.09429260863172217
b,temperature_melt,base,H2O,0,2000.0,-0.03827522276399087
b,temperature_melt,base,H2O,1,2100.2196123119866,-0.06877579345572826
b,temperature_melt,base,H2O,2,2199.9809032262056,-0.12758407587996956
b,temperature_melt,base,H2O,3,2300.200515538192,-0.21170983101668917
b,temperature_melt,base,H2O,4,2399.9236125137204,-0.3239439452156674
b,temperature_melt,base,H2O,5,2500.1432248257074,-0.45671112417826265
b,temperature_melt,base,H2O,6,2599.866322778988,-0.5996451566358569
b,temperature_melt,base,H2O,7,2700.085935090975,-0.7449713956195687
b,temperature_melt,base,H2O,8,2799.8090330442556,-0.8930885311597887
b,temperature_melt,base,H2O,9,2900.028645356242,-1.0334310146277552
b,temperature_melt,base,H2O,10,3000.248257668229,-1.1636066446007192
b,temperature_melt,base,H2O,11,3099.9713546437574,-1.2834160684084335
b,temperature_melt,base,H2O,12,3200.1909669557444,-1.3932579811846644
b,temperature_melt,base,H2O,13,3299.952257869963,-1.490142138806016
b,temperature_melt,base,H2O,14,3400.17187018195,-1.5742678888393709
b,temperature_melt,base,H2O,15,3499.8949671574783,-1.6484261329446035
b,temperature_melt,base,H2O,16,3600.114579469465,-1.7096266167915957
b,temperature_melt,base,H2O,17,3699.8376774227454,-1.7606602471435835
b,temperature_melt,base,H2O,18,3800.0572897347324,-1.801527024000567
b,temperature_melt,base,H2O,19,3899.7803876880134,-1.834619143681934
b,temperature_melt,base,H2O,20,4000.0,-1.8601359588579296
b,temperature_melt,base,CO,0,2000.0,-3.304427565291218
b,temperature_melt,base,CO,1,2100.2196123119866,-3.148735125245624
b,temperature_melt,base,CO,2,2199.9809032262056,-2.9573590114256687
b,temperature_melt,base,CO,3,2300.200515538192,-2.755816039007348
b,temperature_melt,base,CO,4,2399.9236125137204,-2.607698903467127
b,temperature_melt,base,CO,5,2500.1432248257074,-2.579789886868383
b,temperature_melt,base,CO,6,2599.866322778988,-2.658732533819115
b,temperature_melt,base,CO,7,2700.085935090975,-2.7863166096990843
b,temperature_melt,base,CO,8,2799.8090330442556,-2.926659093167051
b,temperature_melt,base,CO,9,2900.028645356242,-3.056834723140014
b,temperature_melt,base,CO,10,3000.248257668229,-3.1794350435042418
b,temperature_melt,base,CO,11,3099.9713546437574,-3.2890776087135905
b,temperature_melt,base,CO,12,3200.1909669557444,-3.383569564912193
b,temperature_melt,base,CO,13,3299.952257869963,-3.4651037659559165
b,temperature_melt,base,CO,14,3400.17187018195,-3.534078901875164
b,temperature_melt,base,CO,15,3499.8949671574783,-3.592687841835888
b,temperature_melt,base,CO,16,3600.114579469465,-3.6361461625791396
b,temperature_melt,base,CO,17,3699.8376774227454,-3.671829836353499
b,temperature_melt,base,CO,18,3800.0572897347324,-3.6999382005191244
b,temperature_melt,base,CO,19,3899.7803876880134,-3.717680363622864
b,temperature_melt,base,CO,20,4000.0,-3.730438771210861
b,temperature_melt,base,CO2,0,2000.0,-1.9494448119739083
b,temperature_melt,base,CO2,1,2100.2196123119866,-2.1332456212884896
b,temperature_melt,base,CO2,2,2199.9809032262056,-2.2454797354874687
b,temperature_melt,base,CO2,3,2300.200515538192,-2.3168470830361896
b,temperature_melt,base,CO2,4,2399.9236125137204,-2.4163227896471717
b,temperature_melt,base,CO2,5,2500.1432248257074,-2.61288200654975
b,temperature_melt,base,CO2,6,2599.866322778988,-2.8961585224753152
b,temperature_melt,base,CO2,7,2700.085935090975,-3.2125271631856087
b,temperature_melt,base,CO2,8,2799.8090330442556,-3.521320494287167
b,temperature_melt,base,CO2,9,2900.028645356242,-3.8121723198214665
b,temperature_melt,base,CO2,10,3000.248257668229,-4.07491577608678
b,temperature_melt,base,CO2,11,3099.9713546437574,-4.31234176474298
b,temperature_melt,base,CO2,12,3200.1909669557444,-4.521460041666673
b,temperature_melt,base,CO2,13,3299.952257869963,-4.705260850981254
b,temperature_melt,base,CO2,14,3400.17187018195,-4.860953291026849
b,temperature_melt,base,CO2,15,3499.8949671574783,-4.991128920999812
b,temperature_melt,base,CO2,16,3600.114579469465,-5.100771486209162
b,temperature_melt,base,CO2,17,3699.8376774227454,-5.187488790335509
b,temperature_melt,base,CO2,18,3800.0572897347324,-5.256463926254755
b,temperature_melt,base,CO2,19,3899.7803876880134,-5.3074975566067435
b,temperature_melt,base,CO2,20,4000.0,-5.345772779370734
b,temperature_melt,base,CH4,0,2000.0,-6.402129060184852
b,temperature_melt,base,CH4,1,2100.2196123119866,-5.2947391490187465
b,temperature_melt,base,CH4,2,2199.9809032262056,-4.309750215753349
b,temperature_melt,base,CH4,3,2300.200515538192,-3.460120010440175
b,temperature_melt,base,CH4,4,2399.9236125137204,-2.796682815864332
b,temperature_melt,base,CH4,5,2500.1432248257074,-2.3603054037794413
b,temperature_melt,base,CH4,6,2599.866322778988,-2.1153041106178687
b,temperature_melt,base,CH4,7,2700.085935090975,-1.9749616271499022
b,temperature_melt,base,CH4,8,2799.8090330442556,-1.8908358771165474
b,temperature_melt,base,CH4,9,2900.028645356242,-1.834619143681934
b,temperature_melt,base,CH4,10,3000.248257668229,-1.791160817835319
b,temperature_melt,base,CH4,11,3099.9713546437574,-1.7580686981539522
b,temperature_melt,base,CH4,12,3200.1909669557444,-1.73255188297796
b,temperature_melt,base,CH4,13,3299.952257869963,-1.7070350678019643
b,temperature_melt,base,CH4,14,3400.17187018195,-1.6867013557085961
b,temperature_melt,base,CH4,15,3499.8949671574783,-1.6687598450379753
b,temperature_melt,base,CH4,16,3600.114579469465,-1.6508183343673526
b,temperature_melt,base,CH4,17,3699.8376774227454,-1.6356677253566083
b,temperature_melt,base,CH4,18,3800.0572897347324,-1.620317763675617
b,temperature_melt,base,CH4,19,3899.7803876880134,-1.6049678070979905
b,temperature_melt,base,CH4,20,4000.0,-1.5922093995099935
b,temperature_melt,base,N2,0,2000.0,-2.901142277991058
b,temperature_melt,base,N2,1,2100.2196123119866,-2.8706417072993204
b,temperature_melt,base,N2,2,2199.9809032262056,-2.847716446216319
b,temperature_melt,base,N2,3,2300.200515538192,-2.875625462815064
b,temperature_melt,base,N2,4,2399.9236125137204,-2.9828758266016635
b,temperature_melt,base,N2,5,2500.1432248257074,-3.16149353283362
b,temperature_melt,base,N2,6,2599.866322778988,-3.3809780108192005
b,temperature_melt,base,N2,7,2700.085935090975,-3.618204657011881
b,temperature_melt,base,N2,8,2799.8090330442556,-3.8580228470908304
b,temperature_melt,base,N2,9,2900.028645356242,-4.095448835747031
b,temperature_melt,base,N2,10,3000.248257668229,-4.330083927846719
b,temperature_melt,base,N2,11,3099.9713546437574,-4.557343063007915
b,temperature_melt,base,N2,12,3200.1909669557444,-4.7792197475196065
b,temperature_melt,base,N2,13,3299.952257869963,-4.996112676515555
b,temperature_melt,base,N2,14,3400.17187018195,-5.208021849995761
b,temperature_melt,base,N2,15,3499.8949671574783,-5.414548572826462
b,temperature_melt,base,N2,16,3600.114579469465,-5.618683094234413
b,temperature_melt,base,N2,17,3699.8376774227454,-5.817833860126623
b,temperature_melt,base,N2,18,3800.0572897347324,-6.01419372946232
b,temperature_melt,base,N2,19,3899.7803876880134,-6.203177641859525
b,temperature_melt,base,N2,20,4000.0,-6.389370652596856
b,temperature_melt,base,NH3,0,2000.0,-5.539740447283682
b,temperature_melt,base,NH3,1,2100.2196123119866,-5.0650878124348
b,temperature_melt,base,NH3,2,2199.9809032262056,-4.684927138887884
b,temperature_melt,base,NH3,3,2300.200515538192,-4.417000579539948
b,temperature_melt,base,NH3,4,2399.9236125137204,-4.2688834439997265
b,temperature_melt,base,NH3,5,2500.1432248257074,-4.220441362637369
b,temperature_melt,base,NH3,6,2599.866322778988,-4.238382873307991
b,temperature_melt,base,NH3,7,2700.085935090975,-4.296991808165352
b,temperature_melt,base,NH3,8,2799.8090330442556,-4.376133802682965
b,temperature_melt,base,NH3,9,2900.028645356242,-4.470426411314685
b,temperature_melt,base,NH3,10,3000.248257668229,-4.572493672018662
b,temperature_melt,base,NH3,11,3099.9713546437574,-4.6745609327226365
b,temperature_melt,base,NH3,12,3200.1909669557444,-4.7792197475196065
b,temperature_melt,base,NH3,13,3299.952257869963,-4.881287008223581
b,temperature_melt,base,NH3,14,3400.17187018195,-4.985945817917187
b,temperature_melt,base,NH3,15,3499.8949671574783,-5.088013078621164
b,temperature_melt,base,NH3,16,3600.114579469465,-5.187488790335509
b,temperature_melt,base,NH3,17,3699.8376774227454,-5.286964496946492
b,temperature_melt,base,NH3,18,3800.0572897347324,-5.384048002134725
b,temperature_melt,base,NH3,19,3899.7803876880134,-5.4783406107664465
b,temperature_melt,base,NH3,20,4000.0,-5.572832566965049
b,temperature_melt,radius,radius,0,2000.0,1.489827163424241
b,temperature_melt,radius,radius,1,2100.2196123119866,1.4954289020110143
b,temperature_melt,radius,radius,2,2199.9809032262056,1.5041006319133128
b,temperature_melt,radius,radius,3,2300.200515538192,1.5178956601178344
b,temperature_melt,radius,radius,4,2399.9236125137204,1.5385483324009046
b,temperature_melt,radius,radius,5,2500.1432248257074,1.568151825262597
b,temperature_melt,radius,radius,6,2599.866322778988,1.6066862029255509
b,temperature_melt,radius,radius,7,2700.085935090975,1.6531347805506025
b,temperature_melt,radius,radius,8,2799.8090330442556,1.7046667864541647
b,temperature_melt,radius,radius,9,2900.028645356242,1.7569762575649523
b,temperature_melt,radius,radius,10,3000.248257668229,1.8075115123653658
b,temperature_melt,radius,radius,11,3099.9713546437574,1.85368099982443
b,temperature_melt,radius,radius,12,3200.1909669557444,1.8950262144142827
b,temperature_melt,radius,radius,13,3299.952257869963,1.9315072861112115
b,temperature_melt,radius,radius,14,3400.17187018195,1.9639216153894663
b,temperature_melt,radius,radius,15,3499.8949671574783,1.9922492669820226
b,temperature_melt,radius,radius,16,3600.114579469465,2.0172477723600903
b,temperature_melt,radius,radius,17,3699.8376774227454,2.0394553750576114
b,temperature_melt,radius,radius,18,3800.0572897347324,2.0596096722994437
b,temperature_melt,radius,radius,19,3899.7803876880134,2.078228973373177
b,temperature_melt,radius,radius,20,4000.0,2.0960907439963723
c,oxygen_fugacity,surface,H2,0,-10.0,-0.47465263484888176
c,oxygen_fugacity,surface,H2,1,-9.000095483868973,-0.30620178211192695
c,oxygen_fugacity,surface,H2,2,-8.000381937431397,-0.1887845648303248
c,oxygen_fugacity,surface,H2,3,-7.00066838610506,-0.12499252689034002
c,oxygen_fugacity,surface,H2,4,-6.000954834778723,-0.10206726070397565
c,oxygen_fugacity,surface,H2,5,-4.998758711658855,-0.11223411930234306
c,oxygen_fugacity,surface,H2,6,-3.999045165221279,-0.16326774965433088
c,oxygen_fugacity,surface,H2,7,-2.9991406490902515,-0.30101868413266963
c,oxygen_fugacity,surface,H2,8,-1.9994271026526764,-0.5741283414598648
c,oxygen_fugacity,surface,H2,9,-0.9997135513263373,-0.9670474276981409
c,oxygen_fugacity,surface,H2,10,0.0,-1.431533203948657
c,oxygen_fugacity,surface,O2,0,-5.60011458142497,-10.0
c,oxygen_fugacity,surface,O2,1,-4.998758711658855,-9.400354843364141
c,oxygen_fugacity,surface,O2,2,-3.999045165221279,-8.400015948417755
c,oxygen_fugacity,surface,O2,3,-2.9991406490902515,-7.399876401038247
c,oxygen_fugacity,surface,O2,4,-1.9994271026526764,-6.399537511195223
c,oxygen_fugacity,surface,O2,5,-0.9997135513263373,-5.399397963815716
c,oxygen_fugacity,surface,O2,6,0.0,-4.399059068869327
c,oxygen_fugacity,surface,H2O,0,-10.0,-4.07252357466403
c,oxygen_fugacity,surface,H2O,1,-9.000095483868973,-3.4064948259951944
c,oxygen_fugacity,surface,H2O,2,-8.000381937431397,-2.788908163792078
c,oxygen_fugacity,surface,H2O,3,-7.00066838610506,-2.2249466758272174
c,oxygen_fugacity,surface,H2O,4,-6.000954834778723,-1.7018519647193422
c,oxygen_fugacity,surface,H2O,5,-4.998758711658855,-1.209457171870083
c,oxygen_fugacity,surface,H2O,6,-3.999045165221279,-0.7629129062901896
c,oxygen_fugacity,surface,H2O,7,-2.9991406490902515,-0.4004943907436491
c,oxygen_fugacity,surface,H2O,8,-1.9994271026526764,-0.1734346082526983
c,oxygen_fugacity,surface,H2O,9,-0.9997135513263373,-0.06638359203297917
c,oxygen_fugacity,surface,H2O,10,0.0,-0.030500570691737394
c,oxygen_fugacity,surface,CO,0,-10.0,-2.1790961485578535
c,oxygen_fugacity,surface,CO,1,0.0,-2.1790961485578535
c,oxygen_fugacity,surface,CO2,0,-10.0,-6.74401451607114
c,oxygen_fugacity,surface,CO2,1,-9.000095483868973,-6.243845066046266
c,oxygen_fugacity,surface,CO2,2,-8.000381937431397,-5.7438749686916335
c,oxygen_fugacity,surface,CO2,3,-6.000954834778723,-4.743536073745246
c,oxygen_fugacity,surface,CO2,4,-4.998758711658855,-4.243366628823733
c,oxygen_fugacity,surface,CO2,5,-3.999045165221279,-3.7431971787988587
c,oxygen_fugacity,surface,CO2,6,-2.9991406490902515,-3.2432270814442266
c,oxygen_fugacity,surface,CO2,7,0.0,-1.7427187415763257
c,oxygen_fugacity,surface,CH4,0,-10.0,-0.22705978759431567
c,oxygen_fugacity,surface,CH4,1,-9.000095483868973,-0.3929190862382761
c,oxygen_fugacity,surface,CH4,2,-8.000381937431397,-0.65566254250359
c,oxygen_fugacity,surface,CH4,3,-7.00066838610506,-1.0282479166484944
c,oxygen_fugacity,surface,CH4,4,-6.000954834778723,-1.482566834300643
c,oxygen_fugacity,surface,CH4,5,-4.998758711658855,-2.000478442325896
c,oxygen_fugacity,surface,CH4,6,-3.999045165221279,-2.605306702044378
c,oxygen_fugacity,surface,CH4,7,-2.9991406490902515,-3.383569564912193
c,oxygen_fugacity,surface,CH4,8,-1.9994271026526764,-4.424575884045321
c,oxygen_fugacity,surface,CH4,9,-0.9997135513263373,-5.713175050433016
c,oxygen_fugacity,surface,CH4,10,0.0,-7.1421167002886765
c,oxygen_fugacity,surface,N2,0,-7.853719090145564,-10.0
c,oxygen_fugacity,surface,N2,1,-7.00066838610506,-8.81605964330591
c,oxygen_fugacity,surface,N2,2,-6.000954834778723,-7.425393216214241
c,oxygen_fugacity,surface,N2,3,-4.998758711658855,-6.037318343215564
c,oxygen_fugacity,surface,N2,4,-3.999045165221279,-4.6618025251346396
c,oxygen_fugacity,surface,N2,5,-2.9991406490902515,-3.521320494287167
c,oxygen_fugacity,surface,N2,6,-1.9994271026526764,-3.0670015766350183
c,oxygen_fugacity,surface,N2,7,-0.9997135513263373,-2.9649343159310426
c,oxygen_fugacity,surface,N2,8,0.0,-2.9446006038376717
c,oxygen_fugacity,surface,NH3,0,-10.0,-7.9510794814151105
c,oxygen_fugacity,surface,NH3,1,-9.000095483868973,-7.004365765810341
c,oxygen_fugacity,surface,NH3,2,-8.000381937431397,-6.131610951847286
c,oxygen_fugacity,surface,NH3,3,-7.00066838610506,-5.340589681391473
c,oxygen_fugacity,surface,NH3,4,-6.000954834778723,-4.613360448875645
c,oxygen_fugacity,surface,NH3,5,-4.998758711658855,-3.932181091196063
c,oxygen_fugacity,surface,NH3,6,-3.999045165221279,-3.3221697283949583
c,oxygen_fugacity,surface,NH3,7,-2.9991406490902515,-2.9599505604153
c,oxygen_fugacity,surface,NH3,8,-1.9994271026526764,-3.14115982074025
c,oxygen_fugacity,surface,NH3,9,-0.9997135513263373,-3.679405140858872
c,oxygen_fugacity,surface,NH3,10,0.0,-4.36835915061071
c,oxygen_fugacity,base,H2,0,-10.0,-0.47704483627163086
c,oxygen_fugacity,base,H2,1,-9.000095483868973,-0.3111855376276704
c,oxygen_fugacity,base,H2,2,-8.000381937431397,-0.19396766791294873
c,oxygen_fugacity,base,H2,3,-7.00066838610506,-0.12758407587996956
c,oxygen_fugacity,base,H2,4,-6.000954834778723,-0.10465881479697003
c,oxygen_fugacity,base,H2,5,-4.998758711658855,-0.1148256682919726
c,oxygen_fugacity,base,H2,6,-3.999045165221279,-0.16845085273695481
c,oxygen_fugacity,base,H2,7,-2.9991406490902515,-0.30620178211192695
c,oxygen_fugacity,base,H2,8,-1.9994271026526764,-0.5791120969756083
c,oxygen_fugacity,base,H2,9,-0.9997135513263373,-0.9873811397915109
c,oxygen_fugacity,base,H2,10,0.0,-1.5054920953836444
c,oxygen_fugacity,base,H2O,0,-10.0,-2.9037338320840504
c,oxygen_fugacity,base,H2O,1,-9.000095483868973,-2.444431158916159
c,oxygen_fugacity,base,H2O,2,-8.000381937431397,-2.1715208440524805
c,oxygen_fugacity,base,H2O,3,-7.00066838610506,-1.921336447808283
c,oxygen_fugacity,base,H2O,4,-6.000954834778723,-1.5794509919219948
c,oxygen_fugacity,base,H2O,5,-4.998758711658855,-1.1636066446007192
c,oxygen_fugacity,base,H2O,6,-3.999045165221279,-0.7425791941968178
c,oxygen_fugacity,base,H2O,7,-2.9991406490902515,-0.39551063522790564
c,oxygen_fugacity,base,H2O,8,-1.9994271026526764,-0.16845085273695481
c,oxygen_fugacity,base,H2O,9,-0.9997135513263373,-0.06379203793998478
c,oxygen_fugacity,base,H2O,10,0.0,-0.028108369268988298
c,oxygen_fugacity,base,CO,0,-10.0,-2.263221898591209
c,oxygen_fugacity,base,CO,1,-9.000095483868973,-2.462372664483418
c,oxygen_fugacity,base,CO,2,-8.000381937431397,-2.7990750172870813
c,oxygen_fugacity,base,CO,3,-7.00066838610506,-3.1002930438832665
c,oxygen_fugacity,base,CO,4,-6.000954834778723,-3.2328608752789787
c,oxygen_fugacity,base,CO,5,-4.998758711658855,-3.1794350435042418
c,oxygen_fugacity,base,CO,6,-3.999045165221279,-2.9216753376513083
c,oxygen_fugacity,base,CO,7,-2.9991406490902515,-2.630823517220371
c,oxygen_fugacity,base,CO,8,-1.9994271026526764,-2.750632941028087
c,oxygen_fugacity,base,CO,9,-0.9997135513263373,-3.0211510493656535
c,oxygen_fugacity,base,CO,10,0.0,-3.2482108369599683
c,oxygen_fugacity,base,CO2,0,-10.0,-4.5368100033476635
c,oxygen_fugacity,base,CO2,1,-9.000095483868973,-4.442517394715942
c,oxygen_fugacity,base,CO2,2,-8.000381937431397,-4.623527302370649
c,oxygen_fugacity,base,CO2,3,-7.00066838610506,-4.740944524755615
c,oxygen_fugacity,base,CO2,4,-6.000954834778723,-4.554751508914921
c,oxygen_fugacity,base,CO2,5,-4.998758711658855,-4.07491577608678
c,oxygen_fugacity,base,CO2,6,-3.999045165221279,-3.345294342148202
c,oxygen_fugacity,base,CO2,7,-2.9991406490902515,-2.567031479280386
c,oxygen_fugacity,base,CO2,8,-1.9994271026526764,-2.1866714530632265
c,oxygen_fugacity,base,CO2,9,-0.9997135513263373,-1.9442617088912844
c,oxygen_fugacity,base,CO2,10,0.0,-1.6177262146859857
c,oxygen_fugacity,base,CH4,0,-10.0,-0.22446823860468612
c,oxygen_fugacity,base,CH4,1,-9.000095483868973,-0.38534378173290307
c,oxygen_fugacity,base,CH4,2,-8.000381937431397,-0.640511933492844
c,oxygen_fugacity,base,CH4,3,-7.00066838610506,-0.9951557918637661
c,oxygen_fugacity,base,CH4,4,-6.000954834778723,-1.4034248346796687
c,oxygen_fugacity,base,CH4,5,-4.998758711658855,-1.791160817835319
c,oxygen_fugacity,base,CH4,6,-3.999045165221279,-2.1127125616282383
c,oxygen_fugacity,base,CH4,7,-2.9991406490902515,-2.587365191373757
c,oxygen_fugacity,base,CH4,8,-1.9994271026526764,-3.753563384964105
c,oxygen_fugacity,base,CH4,9,-0.9997135513263373,-5.355939637969101
c,oxygen_fugacity,base,CH4,10,0.0,-7.170225064454302
c,oxygen_fugacity,base,N2,0,-9.992552279730647,-10.0
c,oxygen_fugacity,base,N2,1,-9.000095483868973,-8.637441937073953
c,oxygen_fugacity,base,N2,2,-8.000381937431397,-7.323325955510265
c,oxygen_fugacity,base,N2,3,-7.00066838610506,-6.14177780534229
c,oxygen_fugacity,base,N2,4,-6.000954834778723,-5.151805116561149
c,oxygen_fugacity,base,N2,5,-4.998758711658855,-4.330083927846719
c,oxygen_fugacity,base,N2,6,-3.999045165221279,-3.6233877549911417
c,oxygen_fugacity,base,N2,7,-2.9991406490902515,-3.0849430873056383
c,oxygen_fugacity,base,N2,8,-1.9994271026526764,-2.9190837886616787
c,oxygen_fugacity,base,N2,9,-0.9997135513263373,-2.926659093167051
c,oxygen_fugacity,base,N2,10,0.0,-2.9370252993322987
c,oxygen_fugacity,base,NH3,0,-10.0,-7.956063236930854
c,oxygen_fugacity,base,NH3,1,-9.000095483868973,-7.022107928914081
c,oxygen_fugacity,base,NH3,2,-8.000381937431397,-6.185236131188905
c,oxygen_fugacity,base,NH3,3,-7.00066838610506,-5.498873670426698
c,oxygen_fugacity,base,NH3,4,-6.000954834778723,-4.970595861339561
c,oxygen_fugacity,base,NH3,5,-4.998758711658855,-4.572493672018662
c,oxygen_fugacity,base,NH3,6,-3.999045165221279,-4.296991808165352
c,oxygen_fugacity,base,NH3,7,-2.9991406490902515,-4.235791319214997
c,oxygen_fugacity,base,NH3,8,-1.9994271026526764,-4.564918367513288
c,oxygen_fugacity,base,NH3,9,-0.9997135513263373,-5.1825050348197665
c,oxygen_fugacity,base,NH3,10,0.0,-5.963160099110332
c,oxygen_fugacity,radius,radius,0,-10.0,1.5579450991921995
c,oxygen_fugacity,radius,radius,1,-9.000095483868973,1.593927795337554
c,oxygen_fugacity,radius,radius,2,-8.000381937431397,1.6663915636901736
c,oxygen_fugacity,radius,radius,3,-7.00066838610506,1.7799413912233468
c,oxygen_fugacity,radius,radius,4,-6.000954834778723,1.86313019544429
c,oxygen_fugacity,radius,radius,5,-4.998758711658855,1.8075115123653658
c,oxygen_fugacity,radius,radius,6,-3.999045165221279,1.6717540816243355
c,oxygen_fugacity,radius,radius,7,-2.9991406490902515,1.5714809719874219
c,oxygen_fugacity,radius,radius,8,-1.9994271026526764,1.526049080222207
c,oxygen_fugacity,radius,radius,9,-0.9997135513263373,1.5097223052567739
c,oxygen_fugacity,radius,radius,10,0.0,1.5033431014627754
d,co_melt,surface,H2,0,-10.0,-0.10465881479697003
d,co_melt,surface,H2,1,-6.00045832237552,-0.10465881479697003
d,co_melt,surface,H2,2,-5.000171871746354,-0.11223411930234306
d,co_melt,surface,H2,3,-4.0,-0.21689292899594825
d,co_melt,surface,O2,0,-10.0,-9.400354843364141
d,co_melt,surface,O2,1,-4.0,-9.400354843364141
d,co_melt,surface,H2O,0,-10.0,-1.2042740687874591
d,co_melt,surface,H2O,1,-6.00045832237552,-1.2042740687874591
d,co_melt,surface,H2O,2,-5.000171871746354,-1.209457171870083
d,co_melt,surface,H2O,3,-4.0,-1.3167075356566826
d,co_melt,surface,CO,0,-10.0,-8.430715866676373
d,co_melt,surface,CO,1,-7.999427098741666,-5.930067979428965
d,co_melt,surface,CO,2,-6.999255226995313,-4.679744035805261
d,co_melt,surface,CO,3,-6.00045832237552,-3.429420092181558
d,co_melt,surface,CO,4,-5.000171871746354,-2.1790961485578535
d,co_melt,surface,CO,5,-4.0,-0.9313637539237796
d,co_melt,surface,CO2,0,-9.604010312328247,-10.0
d,co_melt,surface,CO2,1,-8.999713549370833,-9.244662403318548
d,co_melt,surface,CO2,2,-7.999427098741666,-7.994338459694845
d,co_melt,surface,CO2,3,-6.999255226995313,-6.74401451607114
d,co_melt,surface,CO2,4,-6.00045832237552,-5.493690572447437
d,co_melt,surface,CO2,5,-5.000171871746354,-4.243366628823733
d,co_melt,surface,CO2,6,-4.0,-2.993042685200029
d,co_melt,surface,CH4,0,-10.0,-8.236748203866787
d,co_melt,surface,CH4,1,-7.999427098741666,-5.736100316619379
d,co_melt,surface,CH4,2,-6.999255226995313,-4.485776372995676
d,co_melt,surface,CH4,3,-6.00045832237552,-3.2380439783616026
d,co_melt,surface,CH4,4,-5.000171871746354,-2.000478442325896
d,co_melt,surface,CH4,5,-4.0,-0.961864324615517
d,co_melt,surface,N2,0,-10.0,-6.037318343215564
d,co_melt,surface,N2,1,-4.0,-6.037318343215564
d,co_melt,surface,NH3,0,-10.0,-3.921814885030815
d,co_melt,surface,NH3,1,-6.00045832237552,-3.921814885030815
d,co_melt,surface,NH3,2,-5.000171871746354,-3.932181091196063
d,co_melt,surface,NH3,3,-4.0,-4.09026573776777
d,co_melt,base,H2,0,-10.0,-0.10465881479697003
d,co_melt,base,H2,1,-6.00045832237552,-0.10465881479697003
d,co_melt,base,H2,2,-5.000171871746354,-0.1148256682919726
d,co_melt,base,H2,3,-4.0,-0.29842713003967525
d,co_melt,base,H2O,0,-10.0,-1.2042740687874591
d,co_melt,base,H2O,1,-7.999427098741666,-1.2042740687874591
d,co_melt,base,H2O,2,-6.999255226995313,-1.20188186736471
d,co_melt,base,H2O,3,-6.00045832237552,-1.20188186736471
d,co_melt,base,H2O,4,-5.000171871746354,-1.1636066446007192
d,co_melt,base,H2O,5,-4.0,-0.8623886180045357
d,co_melt,base,CO,0,-10.0,-9.494846799562744
d,co_melt,base,CO,1,-8.999713549370833,-8.24691505736179
d,co_melt,base,CO,2,-7.999427098741666,-6.996591113738086
d,co_melt,base,CO,3,-6.999255226995313,-5.746267170114383
d,co_melt,base,CO,4,-6.00045832237552,-4.4909594709749365
d,co_melt,base,CO,5,-5.000171871746354,-3.1794350435042418
d,co_melt,base,CO,6,-4.0,-1.2604908022220709
d,co_melt,base,CO2,0,-9.645030077428505,-10.0
d,co_melt,base,CO2,1,-8.999713549370833,-9.19362877296656
d,co_melt,base,CO2,2,-7.999427098741666,-7.943304829342857
d,co_melt,base,CO2,3,-6.999255226995313,-6.6929808857191535
d,co_melt,base,CO2,4,-6.00045832237552,-5.435081632486713
d,co_melt,base,CO2,5,-5.000171871746354,-4.07491577608678
d,co_melt,base,CO2,6,-4.0,-1.6713513940276048
d,co_melt,base,CH4,0,-10.0,-8.037796780438097
d,co_melt,base,CH4,1,-7.999427098741666,-5.537148893190689
d,co_melt,base,CH4,2,-6.999255226995313,-4.286824949566985
d,co_melt,base,CH4,3,-6.00045832237552,-3.0365010059432818
d,co_melt,base,CH4,4,-5.000171871746354,-1.791160817835319
d,co_melt,base,CH4,5,-4.0,-0.7246376835261987
d,co_melt,base,N2,0,-10.0,-4.327691726423969
d,co_melt,base,N2,1,-6.00045832237552,-4.327691726423969
d,co_melt,base,N2,2,-5.000171871746354,-4.330083927846719
d,co_melt,base,N2,3,-4.0,-4.3811175581987065
d,co_melt,base,NH3,0,-10.0,-4.554751508914921
d,co_melt,base,NH3,1,-6.00045832237552,-4.554751508914921
d,co_melt,base,NH3,2,-5.000171871746354,-4.572493672018662
d,co_melt,base,NH3,3,-4.0,-4.873711698614846
d,co_melt,radius,radius,0,-10.0,1.8417000574436584
d,co_melt,radius,radius,1,-7.999427098741666,1.8417000574436584
d,co_melt,radius,radius,2,-6.999255226995313,1.8414409025446954
d,co_melt,radius,radius,3,-6.00045832237552,1.8394075313353584
d,co_melt,radius,radius,4,-5.000171871746354,1.8075115123653658
d,co_melt,radius,radius,5,-4.0,1.6092378844431503
e,n_melt,surface,H2,0,-10.0,-0.11223411930234306
e,n_melt,surface,H2,1,-5.000171871746354,-0.11223411930234306
e,n_melt,surface,H2,2,-4.0,-0.11980942380771609
e,n_melt,surface,O2,0,-10.0,-9.400354843364141
e,n_melt,surface,O2,1,-4.0,-9.400354843364141
e,n_melt,surface,H2O,0,-10.0,-1.209457171870083
e,n_melt,surface,H2O,1,-6.00045832237552,-1.209457171870083
e,n_melt,surface,H2O,2,-5.000171871746354,-1.2120487208597144
e,n_melt,surface,H2O,3,-4.0,-1.2196240304684487
e,n_melt,surface,CO,0,-10.0,-2.1790961485578535
e,n_melt,surface,CO,1,-4.0,-2.1790961485578535
e,n_melt,surface,CO2,0,-10.0,-4.243366628823733
e,n_melt,surface,CO2,1,-4.0,-4.243366628823733
e,n_melt,surface,CH4,0,-10.0,-2.000478442325896
e,n_melt,surface,CH4,1,-6.00045832237552,-2.000478442325896
e,n_melt,surface,CH4,2,-5.000171871746354,-2.0030699913155274
e,n_melt,surface,CH4,3,-4.0,-2.018419952996516
e,n_melt,surface,N2,0,-7.9818963038104025,-10.0
e,n_melt,surface,N2,1,-6.999255226995313,-8.035205231448465
e,n_melt,surface,N2,2,-6.00045832237552,-6.037318343215564
e,n_melt,surface,N2,3,-5.000171871746354,-4.041823656405413
e,n_melt,surface,N2,4,-4.0,-2.0999541540402413
e,n_melt,surface,NH3,0,-10.0,-7.93054642175486
e,n_melt,surface,NH3,1,-8.999713549370833,-6.932799075798101
e,n_melt,surface,NH3,2,-7.999427098741666,-5.932659528418595
e,n_melt,surface,NH3,3,-6.999255226995313,-4.93232063857557
e,n_melt,surface,NH3,4,-6.00045832237552,-3.932181091196063
e,n_melt,surface,NH3,5,-5.000171871746354,-2.9370252993322987
e,n_melt,surface,NH3,6,-4.0,-1.9749616271499022
e,n_melt,base,H2,0,-10.0,-0.1148256682919726
e,n_melt,base,H2,1,-5.000171871746354,-0.1148256682919726
e,n_melt,base,H2,2,-4.0,-0.11980942380771609
e,n_melt,base,H2O,0,-10.0,-1.1636066446007192
e,n_melt,base,H2O,1,-5.000171871746354,-1.1636066446007192
e,n_melt,base,H2O,2,-4.0,-1.1763650521887161
e,n_melt,base,CO,0,-10.0,-3.1794350435042418
e,n_melt,base,CO,1,-6.00045832237552,-3.1794350435042418
e,n_melt,base,CO,2,-5.000171871746354,-3.181827244926991
e,n_melt,base,CO,3,-4.0,-3.192193451092238
e,n_melt,base,CO2,0,-10.0,-4.07491577608678
e,n_melt,base,CO2,1,-6.00045832237552,-4.07491577608678
e,n_melt,base,CO2,2,-5.000171871746354,-4.077507330179772
e,n_melt,base,CO2,3,-4.0,-4.095448835747031
e,n_melt,base,CH4,0,-10.0,-1.791160817835319
e,n_melt,base,CH4,1,-6.00045832237552,-1.791160817835319
e,n_melt,base,CH4,2,-5.000171871746354,-1.7937523719283135
e,n_melt,base,CH4,3,-4.0,-1.8065107795163104
e,n_melt,base,N2,0,-9.477857346125912,-10.0
e,n_melt,base,N2,1,-8.999713549370833,-9.0506947354056
e,n_melt,base,N2,2,-7.999427098741666,-7.1472998033713
e,n_melt,base,N2,3,-6.999255226995313,-5.565257262459676
e,n_melt,base,N2,4,-6.00045832237552,-4.330083927846719
e,n_melt,base,N2,5,-5.000171871746354,-3.1997687555976118
e,n_melt,base,N2,6,-4.0,-1.8830612250442922
e,n_melt,base,NH3,0,-10.0,-7.9255626662391165
e,n_melt,base,NH3,1,-8.999713549370833,-6.932799075798101
e,n_melt,base,NH3,2,-7.999427098741666,-5.981101609780952
e,n_melt,base,NH3,3,-6.999255226995313,-5.19008033932514
e,n_melt,base,NH3,4,-6.00045832237552,-4.572493672018662
e,n_melt,base,NH3,5,-5.000171871746354,-4.008731536724045
e,n_melt,base,NH3,6,-4.0,-3.3554611956432057
e,n_melt,radius,radius,0,-10.0,1.8075115123653658
e,n_melt,radius,radius,1,-6.00045832237552,1.8075115123653658
e,n_melt,radius,radius,2,-5.000171871746354,1.8057173612983037
e,n_melt,radius,radius,3,-4.0,1.7717879711189743
f,temperature_base,surface,H2,0,300.0,-0.11223411930234306
f,temperature_base,surface,H2,1,2000.0,-0.11223411930234306
f,temperature_base,surface,O2,0,300.0,-9.400354843364141
f,temperature_base,surface,O2,1,2000.0,-9.400354843364141
f,temperature_base,surface,H2O,0,300.0,-1.209457171870083
f,temperature_base,surface,H2O,1,2000.0,-1.209457171870083
f,temperature_base,surface,CO,0,300.0,-2.1790961485578535
f,temperature_base,surface,CO,1,2000.0,-2.1790961485578535
f,temperature_base,surface,CO2,0,300.0,-4.243366628823733
f,temperature_base,surface,CO2,1,2000.0,-4.243366628823733
f,temperature_base,surface,CH4,0,300.0,-2.000478442325896
f,temperature_base,surface,CH4,1,2000.0,-2.000478442325896
f,temperature_base,surface,N2,0,300.0,-6.037318343215564
f,temperature_base,surface,N2,1,2000.0,-6.037318343215564
f,temperature_base,surface,NH3,0,300.0,-3.932181091196063
f,temperature_base,surface,NH3,1,2000.0,-3.932181091196063
f,temperature_base,base,H2,0,300.0,-0.1148256682919726
f,temperature_base,base,H2,1,1000.1928767504542,-0.1148256682919726
f,temperature_base,base,H2,2,1099.9236129048213,-0.11223411930234306
f,temperature_base,base,H2,3,1200.0763870951782,-0.10705101621971913
f,temperature_base,base,H2,4,1399.9598966088133,-0.10705101621971913
f,temperature_base,base,H2,5,1500.1126699680808,-0.10465881479697003
f,temperature_base,base,H2,6,2000.0,-0.10465881479697003
f,temperature_base,base,H2O,0,300.0,-1.1584235415180952
f,temperature_base,base,H2O,1,900.0725674079838,-1.1584235415180952
f,temperature_base,base,H2O,2,1000.1928767504542,-1.1636066446007192
f,temperature_base,base,H2O,3,1099.9236129048213,-1.196698764282086
f,temperature_base,base,H2O,4,1200.0763870951782,-1.255307699139447
f,temperature_base,base,H2O,5,1299.8071232495458,-1.2860076173980648
f,temperature_base,base,H2O,6,1399.9598966088133,-1.2935829219034378
f,temperature_base,base,H2O,7,1500.1126699680808,-1.2935829219034378
f,temperature_base,base,H2O,8,1599.8434061224482,-1.2961744759964304
f,temperature_base,base,H2O,9,2000.0,-1.2961744759964304
f,temperature_base,base,CO,0,630.3580635113418,-10.0
f,temperature_base,base,CO,1,700.1890570632593,-8.124514084564444
f,temperature_base,base,CO,2,799.9197932176268,-6.067818913907301
f,temperature_base,base,CO,3,900.0725674079838,-4.455275802303938
f,temperature_base,base,CO,4,1000.1928767504542,-3.1794350435042418
f,temperature_base,base,CO,5,1099.9236129048213,-2.3040886754481926
f,temperature_base,base,CO,6,1200.0763870951782,-1.9291110998805365
f,temperature_base,base,CO,7,1299.8071232495458,-1.8320275946923044
f,temperature_base,base,CO,8,1399.9598966088133,-1.8091023285059418
f,temperature_base,base,CO,9,1500.1126699680808,-1.801527024000567
f,temperature_base,base,CO,10,1599.8434061224482,-1.7989354699075744
f,temperature_base,base,CO,11,1699.996180312805,-1.7989354699075744
f,temperature_base,base,CO,12,1800.1164896552755,-1.7963439209179448
f,temperature_base,base,CO,13,2000.0,-1.7963439209179448
f,temperature_base,base,CO2,0,619.1578339378359,-10.0
f,temperature_base,base,CO2,1,700.1890570632593,-8.20624763317505
f,temperature_base,base,CO2,2,799.9197932176268,-6.494029462290461
f,temperature_base,base,CO2,3,900.0725674079838,-5.144229812055776
f,temperature_base,base,CO2,4,1000.1928767504542,-4.07491577608678
f,temperature_base,base,CO2,5,1099.9236129048213,-3.398720173922939
f,temperature_base,base,CO2,6,1200.0763870951782,-3.2177102662682326
f,temperature_base,base,CO2,7,1299.8071232495458,-3.2583776904549726
f,temperature_base,base,CO2,8,1399.9598966088133,-3.3325359345602044
f,temperature_base,base,CO2,9,1500.1126699680808,-3.403903277005563
f,temperature_base,base,CO2,10,1599.8434061224482,-3.467695314945548
f,temperature_base,base,CO2,11,1699.996180312805,-3.521320494287167
f,temperature_base,base,CO2,12,1800.1164896552755,-3.5697625756495244
f,temperature_base,base,CO2,13,1899.8472258096429,-3.6106293474031457
f,temperature_base,base,CO2,14,2000.0,-3.646313021177505
f,temperature_base,base,CH4,0,300.0,-1.770827105741951
f,temperature_base,base,CH4,1,799.9197932176268,-1.770827105741951
f,temperature_base,base,CH4,2,900.0725674079838,-1.7734186547315804
f,temperature_base,base,CH4,3,1000.1928767504542,-1.791160817835319
f,temperature_base,base,CH4,4,1099.9236129048213,-1.9442617088912844
f,temperature_base,base,CH4,5,1200.0763870951782,-2.3959890775538017
f,temperature_base,base,CH4,6,1299.8071232495458,-3.0211510493656535
f,temperature_base,base,CH4,7,1399.9598966088133,-3.641129918094882
f,temperature_base,base,CH4,8,1500.1126699680808,-4.197516096451006
f,temperature_base,base,CH4,9,1599.8434061224482,-4.6873193403106335
f,temperature_base,base,CH4,10,1699.996180312805,-5.121105198302532
f,temperature_base,base,CH4,11,1800.1164896552755,-5.506448980035434
f,temperature_base,base,CH4,12,1899.8472258096429,-5.848334430818359
f,temperature_base,base,CH4,13,2000.0,-6.15712776702328
f,temperature_base,base,N2,0,437.97383745314494,-10.0
f,temperature_base,base,N2,1,499.8835103447244,-8.44347427426437
f,temperature_base,base,N2,2,600.0362837039919,-6.700755537791407
f,temperature_base,base,N2,3,700.1890570632593,-5.468173757271443
f,temperature_base,base,N2,4,799.9197932176268,-4.740944524755615
f,temperature_base,base,N2,5,900.0725674079838,-4.442517394715942
f,temperature_base,base,N2,6,1000.1928767504542,-4.330083927846719
f,temperature_base,base,N2,7,1099.9236129048213,-4.286824949566985
f,temperature_base,base,N2,8,1200.0763870951782,-4.271474992989358
f,temperature_base,base,N2,9,1299.8071232495458,-4.26130813439099
f,temperature_base,base,N2,10,1399.9598966088133,-4.253533482318737
f,temperature_base,base,N2,11,1500.1126699680808,-4.251141280895987
f,temperature_base,base,N2,12,1599.8434061224482,-4.245958177813364
f,temperature_base,base,N2,13,1699.996180312805,-4.245958177813364
f,temperature_base,base,N2,14,1800.1164896552755,-4.243366628823733
f,temperature_base,base,N2,15,1899.8472258096429,-4.243366628823733
f,temperature_base,base,N2,16,2000.0,-4.240775074730739
f,temperature_base,base,NH3,0,300.0,-3.9168311295150726
f,temperature_base,base,NH3,1,499.8835103447244,-3.9168311295150726
f,temperature_base,base,NH3,2,600.0362837039919,-3.919422683608066
f,temperature_base,base,NH3,3,700.1890570632593,-3.9423479446910665
f,temperature_base,base,NH3,4,799.9197932176268,-4.07252357466403
f,temperature_base,base,NH3,5,900.0725674079838,-4.31234176474298
f,temperature_base,base,NH3,6,1000.1928767504542,-4.572493672018662
f,temperature_base,base,NH3,7,1099.9236129048213,-4.807328111685231
f,temperature_base,base,NH3,8,1200.0763870951782,-5.014054182082813
f,temperature_base,base,NH3,9,1299.8071232495458,-5.19267188831477
f,temperature_base,base,NH3,10,1399.9598966088133,-5.348364333463728
f,temperature_base,base,NH3,11,1500.1126699680808,-5.4835237138490704
f,temperature_base,base,NH3,12,1599.8434061224482,-5.603532485223667
f,temperature_base,base,NH3,13,1699.996180312805,-5.710583501443385
f,temperature_base,base,NH3,14,1800.1164896552755,-5.805075452538626
f,temperature_base,base,NH3,15,1899.8472258096429,-5.88660965358235
f,temperature_base,base,NH3,16,2000.0,-5.963160099110332
f,temperature_base,radius,radius,0,300.0,1.734788589113783
f,temperature_base,radius,radius,1,400.15277419035704,1.7447361597748814
f,temperature_base,radius,radius,2,499.8835103447244,1.754683730946316
f,temperature_base,radius,radius,3,600.0362837039919,1.7648904570167134
f,temperature_base,radius,radius,4,700.1890570632593,1.775356337986074
f,temperature_base,radius,radius,5,799.9197932176268,1.785822219465771
f,temperature_base,radius,radius,6,900.0725674079838,1.7965273210877428
f,temperature_base,radius,radius,7,1000.1928767504542,1.8075115123653658
f,temperature_base,radius,radius,8,1099.9236129048213,1.8184757688863007
f,temperature_base,radius,radius,9,1200.0763870951782,1.8294400254072356
f,temperature_base,radius,radius,10,1299.8071232495458,1.840683372094158
f,temperature_base,radius,radius,11,1399.9598966088133,1.851647628615093
f,temperature_base,radius,radius,12,1500.1126699680808,1.862871040545327
f,temperature_base,radius,radius,13,1599.8434061224482,1.8740944519652252
f,temperature_base,radius,radius,14,1699.996180312805,1.8855770187944223
f,temperature_base,radius,radius,15,1800.1164896552755,1.8970595856236196
f,temperature_base,radius,radius,16,1899.8472258096429,1.9088013078621162
f,temperature_base,radius,radius,17,2000.0,1.9205430295902766
